,Survival period
0,0.0013884399
1,1.15690614e-14
2,0.16949101
3,203.18126
4,5.109106e-11
5,0.036570936
6,2.2762815e-07
7,1819.0096
8,1824.9995
9,1824.9786
10,1.3157987e-10
11,1824.9941
12,1822.528
13,0.2277346
14,3.218479e-13
15,4.7704153
16,0.00026343286
17,1.9765078e-09
18,1824.6987
19,3.1525477e-08
20,7.167393e-08
21,8.617099e-11
22,0.0027079931
23,1795.4069
24,1.3803677e-08
25,0.39867663
26,5.0668884e-08
27,64.601295
28,1824.998
29,1824.3047
30,2.2842457
31,9.7573384e-15
32,2.3868192e-11
33,3.2305055e-15
34,2.2085774e-13
35,1.4034599e-07
36,7.262136
37,3.588596e-06
38,5.8824855e-07
39,9.648549e-05
40,7.893805e-05
41,0.0047013788
42,3.3671108e-07
43,1.13273
44,1.3747432e-07
45,2.972372e-07
46,1.0733315
47,4.9078e-13
48,2.9342132e-08
49,1679.5664
50,4.2939255e-12
51,9.431023e-14
52,1791.331
53,1.2381209e-08
54,0.078021646
55,0.08281533
56,5.731178e-07
57,1.4207022e-15
58,2.9045907e-15
59,6.6622268e-09
60,1824.9861
61,0.043108072
62,1.5000199e-11
63,0.8236301
64,1.3442438e-09
65,0.04087398
66,3.8821193e-15
67,1.7706317e-06
68,929.4998
69,1.3448406e-10
70,0.31663957
71,5.14786e-11
72,5.855278e-05
73,1.949359e-07
74,2.3617284e-17
75,1.3046738e-09
76,1.5653555e-08
77,2.4522985e-17
78,0.006714629
79,1.0426266e-11
80,1.7412762e-10
81,0.058079965
82,5.305499e-15
83,324.1304
84,1.8351767e-14
85,5.6448533e-11
86,2.1720221e-07
87,6.072194e-06
88,0.04683082
89,14.579953
90,1824.9941
91,2.6791443e-07
92,1.470915e-10
93,8.209741
94,0.0786355
95,0.26878935
96,0.050475344
97,0.0020917614
98,2.651324e-06
99,1.1637722e-09
100,3.0573428
101,13.222321
102,1.2548547e-06
103,3.2014396
104,1.5174564e-10
105,0.026982756
106,6.1615356e-07
107,0.46822804
108,3.0336353e-10
109,0.008140362
110,232.74341
111,1821.6517
112,1823.2472
113,115.89327
114,5.2969476e-14
115,4.1994284e-08
116,5.0830066e-11
117,1.4240745e-11
118,3.0454507e-06
119,2.4144383e-11
120,6.5051413e-09
121,2.6797514e-08
122,0.0010276118
123,6.049082e-11
124,0.22404446
125,22.024254
126,1.1244504e-05
127,5.293225e-05
128,7.226371e-06
129,0.00016920913
130,1823.2847
131,7.672596e-05
132,4.61601
133,5.175814e-10
134,6.4696195e-12
135,2.331309e-05
136,0.20209633
137,2.3837463e-09
138,1.4294336e-06
139,15.483417
140,1.0412081
141,1.7411251e-08
142,1803.0216
143,1.3431202e-07
144,4.4074016
145,758.6772
146,0.004653639
147,1.5858274e-07
148,0.0144511815
149,0.0003191498
150,0.20578319
151,2.3150113e-09
152,3.6302683e-09
153,0.0003202902
154,165.80156
155,2.0159088e-14
156,0.0031173676
157,1717.0624
158,8.0997453e-10
159,1.1891356e-10
160,2.05412e-11
161,0.009706791
162,1.4045157e-10
163,2.9296277e-08
164,1.6275298e-07
165,0.00096701697
166,1.071173e-05
167,1.4861265e-06
168,0.0020570038
169,1.4058667e-06
170,0.009146934
171,6.225921
172,1556.461
173,4.711192e-11
174,9.126115e-08
175,471.52658
176,1.665156
177,9.1574615e-09
178,0.0028585088
179,1759.9119
180,1.3216323e-13
181,2.4539823e-10
182,13.764364
183,0.0013745298
184,5.970473e-07
185,3.4937948e-08
186,19.116453
187,9.47987e-12
188,441.12506
189,8.084538e-07
190,3.0444442e-11
191,6.639346e-08
192,2.9259585e-12
193,7.4957274e-10
194,1.15630795e-11
195,0.0034238202
196,5.9067973e-09
197,6.801075e-11
198,16.350988
199,4.962133e-08
200,0.9309656
201,8.324421e-06
202,3.1517224e-09
203,2.724964e-08
204,1.129285
205,0.00021224897
206,1718.916
207,277.5714
208,2.0727706e-08
209,291.00735
210,3.7370182e-14
211,9.08382e-06
212,3.2490644e-10
213,4.9179067e-11
214,1.1911454e-05
215,1.4529378e-07
216,5.095566e-08
217,3.695851e-09
218,1.20056e-10
219,1816.416
220,2.2180933e-09
221,2.1615298e-10
222,2.3134375e-11
223,0.00015741942
224,0.19641013
225,0.0025711758
226,2.372952e-07
227,1806.9766
228,4.4578623e-08
229,2.2738285
230,1.3306312e-14
231,0.15710154
232,1.3320934e-07
233,0.053358033
234,2.3478127e-07
235,0.033899233
236,8.7272093e-07
237,0.0015150182
238,5.150854e-08
239,1.1789086
240,8.920585e-10
241,3.2671485e-06
242,1.9964377e-16
243,3.014822e-08
244,1.6343641e-07
245,1.6507932
246,2.5564208e-05
247,0.20565724
248,7.0035613e-09
249,0.0022437065
250,4.1126966e-14
251,3.055325
252,1.1117432e-11
253,5.013591e-08
254,8.755753e-11
255,1.1994844e-10
256,1.541278e-08
257,1318.6633
258,0.38986683
259,2.1729431e-06
260,0.025690388
261,7.0192776e-08
262,0.0001558343
263,9.631684e-06
264,9.83061e-10
265,1.6933414e-07
266,3.970045e-11
267,5.171263e-07
268,13.544204
269,2.897549e-10
270,2.059369e-07
271,6.702496e-11
272,5.73225e-07
273,0.004984419
274,1824.8816
275,6.17109e-13
276,3.6729678e-10
277,1.768522e-06
278,945.7786
279,5.583624e-11
280,112.53168
281,3.9253762e-05
282,1787.3397
283,1.0401597e-11
284,1824.9958
285,4.967445e-08
286,1.4472963e-06
287,4.819442e-06
288,5.654503e-09
289,5.419889e-08
290,0.0010077907
291,1521.4369
292,0.3209327
293,1.7009971
294,1.2351278e-08
295,4.915809e-10
296,1.1879567e-10
297,0.0008307218
298,1824.8986
299,1824.9987
300,8.772306e-10
301,3.3544453e-14
302,5.1609805e-09
303,5.172136e-05
304,0.057398573
305,0.000947937
306,3.835446e-13
307,0.55886537
308,9.514323e-12
309,33.749496
310,2.2070906e-06
311,9.58858e-08
312,1.8638093e-11
313,5.9558573e-07
314,0.00079006364
315,6.5112885e-12
316,5.3292163e-13
317,2.6689525e-08
318,0.0012296203
319,8.257049e-08
320,4.776355e-11
321,2.6492251e-14
322,8.928581e-11
323,1823.5735
324,0.002771775
325,2.4377014e-10
326,2.4910732e-06
327,5.169145e-06
328,1.0492053e-12
329,0.00093871064
330,0.00012447248
331,0.8361552
332,0.65726364
333,4.8932724e-14
334,8.988895e-12
335,7.510642e-13
336,0.0019513583
337,1824.9972
338,0.0008381207
339,0.018005447
340,0.0005253381
341,2.127484e-05
342,1823.0078
343,3.4284997e-12
344,6.2204664e-12
345,2.1259792e-05
346,157.39595
347,0.04305873
348,4.451324e-10
349,0.0007739922
350,4.0710354
351,3.6847565
352,6.053812e-12
353,0.9730031
354,2.0431337e-06
355,0.0005961263
356,8.7577416e-07
357,417.67795
358,0.18589923
359,4.781599e-06
360,1.9064208e-05
361,4.2749594e-08
362,0.06543651
363,0.078587376
364,9.2319735e-10
365,1.8784754e-13
366,1.6255666e-10
367,9.715469e-06
368,4.7708166e-12
369,0.044632636
370,6.018071e-14
371,3.1436713e-13
372,9.084432e-16
373,7.771882e-09
374,0.001977245
375,1.5151477
376,1.1030652e-13
377,0.0035900185
378,0.1397098
379,0.0057097375
380,0.029365515
381,9.207603e-13
382,3.319473
383,5.1794506e-09
384,0.7076828
385,5.2844684e-09
386,1514.6879
387,5.3910536e-11
388,1547.0524
389,1824.993
390,2.3811028e-08
391,8.475711e-06
392,0.022441193
393,3.220447e-11
394,5.3246656e-09
395,1794.0756
396,1.3635321e-07
397,1.8355368e-07
398,1.289686e-08
399,3.971958e-05
400,2.4116727e-07
401,5.0626073e-05
402,3.6438998e-09
403,2.723179e-10
404,3.1259344e-07
405,2.5581767e-05
406,208.338
407,3.9207664e-09
408,0.002221455
409,4.3919167e-11
410,0.16311526
411,8.577553
412,0.013177035
413,1.4209673e-08
414,4.6343463e-12
415,0.00018814098
416,3.222019e-08
417,1.0443504e-07
418,2.3086243e-07
419,0.0014600444
420,5.30081e-10
421,2.372676e-07
422,0.0008659617
423,1.995406e-05
424,1756.0391
425,3.6825113e-12
426,5.1505e-12
427,2.6323947e-12
428,1.6058561e-10
429,7.5313544e-10
430,0.0073432047
431,8.173114e-11
432,0.002470375
433,1.2260531e-09
434,61.55366
435,3.8763826
436,1.1242123e-09
437,2.415991e-07
438,2.8655261e-08
439,4.2120685e-09
440,161.70598
441,1.6757422e-13
442,4.4703134e-07
443,0.1464638
444,0.00019373409
445,1825.0
446,4.8339267e-12
447,1.206224
448,2.029137e-06
449,0.0012363569
450,1.9608986e-05
451,9.685553e-13
452,6.0009723e-13
453,1.2976122e-07
454,3.9233432e-11
455,0.06392573
456,0.010360381
457,2.307101e-15
458,2.830519e-10
459,4.3956522e-12
460,2.3440472e-09
461,1824.997
462,1.5836563
463,9.116365e-06
464,7.2597487e-17
465,5.228157e-12
466,2.0807125e-08
467,0.00047621797
468,1.3704768e-09
469,5.4883058e-05
470,0.13247962
471,1.2426255e-08
472,3.0362114e-06
473,6.866622e-12
474,4.0097795e-10
475,889.8097
476,5.384917e-08
477,1824.596
478,5.0445832e-12
479,3.1574457e-12
480,2.9020394e-10
481,4.213712e-07
482,0.026060306
483,4.670677e-12
484,0.0057699885
485,3.3616197
486,0.7883548
487,1821.3619
488,160.97311
489,2.977642e-08
490,0.09081889
491,5.4439955e-05
492,1.948082e-09
493,8.2493306e-13
494,1.5078381e-09
495,0.009149796
496,3.5033277e-13
497,218.88538
498,1.2184813e-05
499,1.2468676e-05
500,1.4993154e-12
501,7.6499257e-10
502,3.6627614e-06
503,73.61672
504,0.016015662
505,0.0008118101
506,1.1109954e-10
507,1038.3762
508,3.1411104e-10
509,9.5196305e-07
510,2.1856251e-06
511,2.0937532e-09
512,6.3682e-12
513,1711.1841
514,1824.9998
515,8.1026186e-10
516,5.4613534e-05
517,7.891835e-12
518,9.597696e-11
519,1.2934429e-08
520,1.0157216e-07
521,1.06706284e-11
522,1790.7163
523,7.044566e-10
524,3.329171e-11
525,1820.2689
526,3.402846e-11
527,9.839881e-09
528,2.6856188e-09
529,1.3279855e-12
530,1.7055608e-08
531,3.0441014e-11
532,418.95685
533,1.8887939e-13
534,3.3095496e-08
535,0.23084888
536,1824.7739
537,9.294005e-10
538,7.691949e-06
539,1824.9933
540,0.0026360177
541,1751.0448
542,0.34579813
543,3.5843537e-14
544,1743.6333
545,2.6733138e-08
546,0.020447776
547,2.643186e-05
548,1.2532837e-09
549,1.7468716e-06
550,7.3329804e-09
551,1772.9171
552,0.003080982
553,3.4453589e-09
554,0.79741055
555,1.2017659e-09
556,1.2604595e-08
557,186.166
558,2.974958e-07
559,2.1311175e-10
560,6.0009616e-16
561,8.9790514e-10
562,1.1002286e-13
563,141.81458
564,1.3802005e-10
565,0.53230524
566,6.481955e-17
567,4.511664e-09
568,140.07552
569,2.5677162e-11
570,1.8072777e-09
571,0.24302875
572,7.4476964e-15
573,0.014465066
574,3.273938e-08
575,7.961101e-06
576,0.9463972
577,3.013852e-07
578,1.7879725
579,1824.9906
580,3.1889928e-07
581,17.178242
582,2.4801956e-11
583,2.373707e-08
584,1.0026674e-14
585,0.9946671
586,4.933046e-09
587,1801.2257
588,1.9045994e-09
589,0.03316397
590,1.5494442e-06
591,3.4599125
592,1716.1641
593,142.54486
594,0.031674623
595,9.353497e-05
596,1.3130375e-08
597,4.478397e-06
598,1.1159611e-06
599,1270.2181
600,1.8741696e-10
601,220.42966
602,5.1372112e-06
603,2.94683e-06
604,1105.6343
605,0.978828
606,3.54049e-05
607,6.11451e-10
608,0.27875116
609,2.02795e-09
610,8.8225277e-10
611,3.8975864e-05
612,4.127772
613,0.43353018
614,3.175745e-09
615,385.1133
616,7.0581976e-08
617,6.5891295e-06
618,0.0047512297
619,2.2517175e-05
620,4.456478e-15
621,4.2086359e-07
622,2.7760522e-10
623,39.152542
624,6.875236e-11
625,1.5886135e-06
626,3.7275372e-10
627,0.0019129881
628,1433.9382
629,1823.8987
630,4.0963158e-08
631,3.5575054e-10
632,1.126328e-06
633,2.2668855e-13
634,9.122812e-07
635,3.5584e-07
636,2.1751212e-05
637,3.66303e-08
638,2.262685e-07
639,2.4167757e-06
640,13.983267
641,5.9894463e-09
642,29.457136
643,16.788704
644,5.207879e-10
645,7.1767406
646,19.856428
647,1.0557915e-09
648,7.793163e-10
649,0.0001664473
650,4.3311364e-05
651,5.120342e-08
652,8.347345e-07
653,2.3513484
654,0.48764303
655,4.8842912e-11
656,3.1240244e-05
657,1552.9697
658,2.7198474
659,0.00012687448
660,0.0992063
661,6.208534e-11
662,87.01934
663,1121.1024
664,5.2671912e-05
665,0.16019478
666,6.9802893e-13
667,1824.9998
668,8.191271
669,84.27441
670,1.4086585e-09
671,2.7911915e-12
672,3.6762132e-10
673,1.0857455e-07
674,6.041061e-06
675,5.0351175e-11
676,88.82453
677,7.667679e-09
678,0.2517331
679,0.05813976
680,2.4519568e-06
681,0.013714535
682,0.0059728115
683,0.0116080595
684,1354.1769
685,5.3010336e-13
686,94.18419
687,1.3107742e-06
688,5.0958326e-10
689,1.2600894
690,1552.1335
691,5.304417e-11
692,4.649709e-08
693,0.00010394613
694,8.812475e-09
695,496.7467
696,3.288397
697,6.6423986e-08
698,9.7297566e-08
699,1.5926157e-09
700,0.12565127
701,2.9082292e-10
702,2.036158e-14
703,3.2388194e-09
704,1825.0
705,8.664171e-10
706,10.771359
707,1.3902494e-05
708,0.0004974859
709,127.39572
710,3.793961e-12
711,0.022978928
712,2.1418003e-08
713,5.2857306e-08
714,8.4759077e-13
715,0.18902315
716,3.096373e-06
717,0.24254145
718,7.793074e-10
719,1.8316767e-06
720,0.0016191392
721,15.186431
722,1.5524882e-06
723,1.2382509e-08
724,1824.5232
725,6.3136336e-11
726,0.0154370265
727,3.17024
728,1.1675558e-06
729,1505.5015
730,7.579653e-08
731,1.1143524e-07
732,6.0969775e-08
733,5.489015e-06
734,1824.9967
735,0.0010223684
736,0.89287955
737,1.136599e-05
738,0.53610265
739,1695.2946
740,2.7896178e-11
741,3.1959637e-08
742,4.979927e-09
743,0.059003673
744,0.05049109
745,6.7951565e-05
746,6.6937536e-12
747,2.1444631e-10
748,5.3803356e-05
749,2.67987e-11
750,2.2114095e-06
751,1.846534e-08
752,5.3479007e-17
753,1.728548e-08
754,5.621124e-06
755,0.0024446698
756,3.3591467e-09
757,0.26990247
758,0.059866782
759,0.60218525
760,1.4782559e-10
761,0.61215526
762,1792.257
763,735.2509
764,1642.5956
765,1.4762233e-11
766,1.8144118e-07
767,1.9376245e-09
768,0.78253335
769,6.7529715e-09
770,2.6073761e-11
771,1.7033446e-07
772,5.806336e-08
773,3.832499e-09
774,3.4687682e-12
775,2.2552868e-11
776,0.0005976273
777,131.199
778,1258.8616
779,0.41480476
780,1759.2954
781,5.8679476e-08
782,0.07363734
783,2.895492e-07
784,0.08702233
785,2.749102e-09
786,1.4277769e-14
787,12.097479
788,1.8017818e-08
789,1.1581473
790,3.2169527e-08
791,4.480165
792,1.3214471e-11
793,1697.2936
794,4.1780247e-08
795,1809.9347
796,3.4875414
797,1.2193575e-09
798,2.627068e-12
799,5.443298e-06
800,8.511673e-07
801,138.5924
802,1824.9952
803,1684.6854
804,6.186651e-08
805,1.2013229
806,496.69315
807,3.9564688e-07
808,0.7440241
809,4.594079e-10
810,0.1376769
811,0.0458843
812,1.9056732e-11
813,0.0031411434
814,0.87065345
815,4.846102e-05
816,0.0011953358
817,3.1380912e-11
818,1.9569166e-08
819,4.847526e-05
820,0.053869575
821,4.2790824e-10
822,0.19201745
823,1.6876747e-09
824,0.011105738
825,170.78102
826,0.00021264605
827,41.136112
828,1771.9497
829,0.07438101
830,8.317338e-11
831,1.0483973e-08
832,6.668141e-12
833,6.5329703e-16
834,2.1825651e-12
835,1.0459056e-10
836,3.322277e-14
837,7.3632105e-13
838,253.7872
839,1.779674e-11
840,5.2048504e-06
841,26.317974
842,8.135852e-10
843,1.270196
844,1.7948342e-14
845,0.0013733989
846,6.3542406e-14
847,0.0034196596
848,2.0083734e-08
849,2.2363021e-11
850,3.8663354e-11
851,6.0004744e-11
852,5.4749248e-12
853,0.017708527
854,1.6152633e-05
855,4.1982928e-11
856,0.020995453
857,0.061771687
858,6.159231e-15
859,0.0007709792
860,3.327635e-07
861,1.3748321e-11
862,8.5831007e-17
863,4.7058197e-08
864,2.024431e-15
865,1.5341742e-08
866,9.2416755e-11
867,1.9584596e-07
868,0.09305319
869,2.1826087e-10
870,753.08887
871,1.6678503e-09
872,0.25771397
873,6.4219104e-14
874,1811.587
875,3.882336e-10
876,1.9547386e-11
877,6.511405e-07
878,8.144971e-09
879,1.1769941e-09
880,0.25548083
881,0.3162744
882,2.6721194e-09
883,7.4853175e-16
884,1086.4972
885,1.6861641e-07
886,1.3615872e-05
887,4.1718104e-06
888,1824.9763
889,8.000695e-06
890,3.690036e-11
891,3.1926074
892,0.012931206
893,3.8296167e-07
894,2.3757043e-08
895,1.6411966e-10
896,2.6061935e-14
897,1.242956
898,1.1531891e-11
899,1.7751277e-15
900,0.13179792
901,1.4802025e-10
902,0.00026250744
903,0.056594253
904,2.4215458e-07
905,1.2272224e-06
906,2.7703397e-06
907,3.5862482e-10
908,0.5673367
909,4.095392e-09
910,6.2105215e-08
911,0.0006763311
912,2.603824e-10
913,1211.0447
914,4.8597912e-09
915,1.0335185e-08
916,2.9218026e-09
917,0.017426703
918,2.905866e-07
919,2.1545471e-08
920,6.9689486e-07
921,1.0336105e-09
922,6.8835106
923,309.21298
924,1.5555272e-05
925,4.048449e-10
926,6.588943e-13
927,1.864522e-09
928,1824.9972
929,1.301941e-14
930,544.00574
931,434.00223
932,1.9162673e-05
933,0.021332242
934,9.076723e-09
935,1.3417601e-11
936,0.5494933
937,3.3579693e-12
938,0.0028162268
939,1.1284261e-07
940,2.6408079
941,0.103487484
942,6.168434e-12
943,2.2486165
944,1818.1503
945,1.9574994e-11
946,1.7450683e-08
947,1306.2196
948,2.2780977e-10
949,0.00088470266
950,1.2497057e-05
951,1.9823494e-08
952,0.065746315
953,1824.9965
954,6.84011e-09
955,0.29536417
956,0.024290457
957,47.107933
958,0.14598997
959,0.00033848002
960,0.39501846
961,0.26571864
962,6.143866e-06
963,5.4577195e-05
964,0.0011650008
965,1697.1599
966,0.19975065
967,1800.2222
968,9.252057e-05
969,1810.2114
970,4.049644
971,0.00075422553
972,2.0492825e-08
973,0.0013652919
974,1705.2026
975,5.5056155e-09
976,45.853275
977,3.7880268
978,906.5237
979,1352.5645
980,1.1295351e-07
981,3.5322723e-10
982,3.8061023
983,2.4487379e-09
984,1.5022403e-09
985,1.4125796e-08
986,7.5635867e-06
987,0.011238866
988,6.6960465e-10
989,7.825054e-06
990,2.0606557e-13
991,0.20438862
992,2.704564e-07
993,4.4255697e-07
994,1.1212753e-07
995,1.9945086e-08
996,5.524584e-12
997,2.9925778
998,3.8691e-12
999,7.8941756e-14
1000,21.969234
1001,1.4594098e-10
1002,1.0709123e-11
1003,1824.2322
1004,0.0014436897
1005,1810.6178
1006,0.0002628216
1007,7.292198e-05
1008,1.1670708e-09
1009,1.2032843e-09
1010,4.1699177e-13
1011,0.0289481
1012,4.02717e-10
1013,0.049919054
1014,4.287406e-07
1015,1.5535667e-13
1016,9.921323e-07
1017,0.49488407
1018,9.739802e-08
1019,8.5481033e-10
1020,8.105494
1021,0.00021272434
1022,3.4375007e-06
1023,7.625791e-09
1024,3.9199197e-10
1025,7.91691e-11
1026,2.7226793e-07
1027,0.001518578
1028,336.44656
1029,1.6384575e-09
1030,3.3776049e-09
1031,4.487584e-12
1032,0.0037862428
1033,8.294743e-08
1034,6.372898
1035,5.9526536e-11
1036,1.0078963e-10
1037,4.9711443e-11
1038,0.13070227
1039,0.6524478
1040,1.2340744e-13
1041,3.8900137e-07
1042,5.327964e-10
1043,2.4889357e-06
1044,3.0743924e-10
1045,865.7439
1046,3.644821e-07
1047,8.991168e-10
1048,2.2434594e-10
1049,8.141018e-07
1050,0.00011745772
1051,0.2643015
1052,1822.8031
1053,3.6156382e-06
1054,1.6199884e-07
1055,1.6824099e-13
1056,1824.8682
1057,3.259411e-10
1058,198.52008
1059,7.161111e-07
1060,1.3318907e-10
1061,7.375532e-07
1062,5.25613e-13
1063,0.009459788
1064,1.102969e-12
1065,1521.6732
1066,0.0012435536
1067,1.8679474e-08
1068,3.3100437e-07
1069,2.2654348e-08
1070,0.0057742326
1071,3.333413e-05
1072,1791.171
1073,2.4503113e-06
1074,6.1421395e-07
1075,1.3617651e-07
1076,1.9962792e-07
1077,1.2110021e-09
1078,0.01393542
1079,0.016262317
1080,0.35102296
1081,2.4812639e-08
1082,1.6195026e-08
1083,3.72142e-10
1084,3.3707526e-08
1085,0.00013053889
1086,3.6870613
1087,1.4864233e-07
1088,3.9631484e-13
1089,3.5484078e-08
1090,343.24408
1091,1.463177e-08
1092,70.621414
1093,0.09619795
1094,0.07694603
1095,5.199921e-09
1096,3.2476786e-05
1097,731.3796
1098,1816.0864
1099,5.569337e-08
1100,1.0135762e-09
1101,1.39323565e-05
1102,5.893434e-11
1103,4.8246934e-06
1104,1.6013516e-09
1105,0.036777
1106,7.5544876e-10
1107,2.9734346e-09
1108,316.09464
1109,8.411309e-10
1110,4.4687803e-10
1111,0.0061705946
1112,1.0385846
1113,8.900937e-10
1114,6.4456453e-06
1115,1.08027545e-11
1116,1.5007339e-09
1117,1.00526954e-07
1118,9.771439e-07
1119,7.45704
1120,1.5225302e-06
1121,1.5188448e-08
1122,0.07530708
1123,143.90848
1124,9.9478314e-11
1125,1129.1835
1126,4.5905648e-07
1127,9.951646e-11
1128,1450.8429
1129,6.2412832e-06
1130,1.6231493e-07
1131,29.58904
1132,1.2959227e-07
1133,4.48873e-09
1134,0.00047527972
1135,2.4230752e-07
1136,1687.888
1137,1343.5815
1138,5.7166336e-08
1139,4.1833138e-07
1140,0.013181372
1141,0.21996987
1142,6.3095804e-06
1143,8.136186e-08
1144,5.113933e-10
1145,0.0009310271
1146,0.49142733
1147,0.36614212
1148,1.7764987e-12
1149,1.0409069e-09
1150,0.0002529928
1151,0.8113672
1152,8.568699e-11
1153,6.505677e-12
1154,2.5241504e-14
1155,9.875313e-11
1156,1.5024158e-08
1157,926.5908
1158,4.6107118e-07
1159,2.154143e-09
1160,0.005303296
1161,4.1640583e-10
1162,2.2427244e-13
1163,4.7614083e-08
1164,0.0017355743
1165,0.0018292338
1166,8.919641e-08
1167,1.1123728e-08
1168,1613.8203
1169,2.1771673e-09
1170,6.076988e-07
1171,1.3502059e-12
1172,11.896216
1173,4.5184162e-05
1174,6.7336037e-12
1175,2.9341434e-06
1176,7.571897e-07
1177,3.2717867
1178,3.7039084
1179,4.3227223e-07
1180,1.876501e-07
1181,0.32729134
1182,166.04877
1183,2.0225861e-15
1184,0.0002469468
1185,7.5682834e-08
1186,9.592233e-13
1187,31.339636
1188,1.0535016
1189,1.5221931e-06
1190,4.7319867e-11
1191,0.1551651
1192,1824.155
1193,1.2676546e-07
1194,3.1897118e-10
1195,5.08729e-05
1196,3.7518015e-07
1197,4.4052682e-13
1198,1.6296659e-12
1199,1824.9994
1200,1.5167922e-12
1201,1.1996394e-11
1202,1.0830612e-10
1203,9.568904e-08
1204,0.031586573
1205,0.08213406
1206,3.2597614e-05
1207,2.0100498e-14
1208,32.48002
1209,0.008104976
1210,8.938864e-13
1211,3.280328e-07
1212,8.67509
1213,2.2175768e-13
1214,1.1017781e-06
1215,5.08143e-06
1216,0.0046497313
1217,0.0016031368
1218,3.4622975e-08
1219,26.864923
1220,0.3952245
1221,1.7527773e-08
1222,1.0816239e-07
1223,1.6762093e-05
1224,5.2462743e-13
1225,2.305946e-09
1226,0.00014665829
1227,0.00010749476
1228,1824.4908
1229,1.8341046e-08
1230,1.1212072e-10
1231,0.09601419
1232,6.1950085e-09
1233,0.24921885
1234,0.020748397
1235,1.1350145e-14
1236,127.38837
1237,2.0125177
1238,91.13778
1239,6.14722e-09
1240,6.642075e-10
1241,3.032621
1242,2.1426268e-07
1243,6.3035895e-06
1244,287.34665
1245,1.4335442e-08
1246,2.1175845e-06
1247,5.144043
1248,7.8652895e-10
1249,7.4721854e-11
1250,9.4066854e-05
1251,0.009439979
1252,1.2328484e-06
1253,0.50640124
1254,132.46867
1255,6.7856296e-15
1256,4.4402228e-07
1257,0.0023884766
1258,181.92323
1259,6.3367503e-18
1260,120.2277
1261,0.012988269
1262,3.9241255e-09
1263,42.029
1264,0.0008464924
1265,5.4503103e-06
1266,1240.545
1267,0.33728227
1268,4.1645947e-08
1269,1.5290295e-16
1270,1.273209e-06
1271,5.989798
1272,1.1360689e-07
1273,1824.9805
1274,1.2789475e-07
1275,1.1912611e-09
1276,0.6496771
1277,0.010703871
1278,5.9870786e-10
1279,0.0378509
1280,0.0035261386
1281,1.1541421e-07
1282,1.3136597e-10
1283,1.3497958e-09
1284,1.8887283e-10
1285,1824.152
1286,9.305353
1287,1377.1183
1288,1.6916037e-16
1289,4.147166e-07
1290,5.0399862e-12
1291,4.744227e-13
1292,1824.9808
1293,3.2512424e-05
1294,1237.401
1295,1.2170962e-06
1296,0.012165662
1297,1338.1536
1298,693.2451
1299,2.888857e-10
1300,0.8300558
1301,1752.2107
1302,0.9395128
1303,3.3013787e-08
1304,3.4261907e-09
1305,5.6370843e-15
1306,1.3173509e-06
1307,284.32062
1308,2.8533327e-07
1309,2.698233e-06
1310,1389.3042
1311,0.0058695218
1312,527.88354
1313,5.410756e-09
1314,0.00022263193
1315,2.7859159e-08
1316,0.17044029
1317,8.21379e-08
1318,2.3504763e-09
1319,0.033909153
1320,7.517466e-09
1321,0.3724274
1322,4.185275e-08
1323,7.6823545e-07
1324,9.092786e-09
1325,227.27843
1326,2.914629e-08
1327,0.0002984835
1328,4.5924125e-07
1329,0.21571392
1330,4.6254436e-09
1331,0.00064676994
1332,1.8665318e-10
1333,0.0048902775
1334,2.98206e-14
1335,8.960347e-11
1336,4.3869468e-17
1337,1.962897e-05
1338,0.0042961263
1339,3.6845042e-06
1340,1.1363401e-14
1341,0.8193213
1342,7.6242206e-05
1343,4.0346087e-08
1344,1.3565328e-08
1345,0.034726318
1346,4.160379e-08
1347,5.7114455e-08
1348,7.439659e-08
1349,4.6822287e-15
1350,1060.685
1351,118.41228
1352,1793.7183
1353,3.5392471e-09
1354,4.927468e-06
1355,4.884272e-11
1356,2.5871543e-11
1357,1.4890673e-08
1358,3.3527877e-07
1359,5.2107158e-08
1360,5.603444e-08
1361,2.5208013e-07
1362,6.1340606e-11
1363,2.0838292e-05
1364,2.3001027e-10
1365,1.8235859e-06
1366,1.545693e-09
1367,1.2310277e-09
1368,0.034884013
1369,5.5821653e-11
1370,1.5946769
1371,0.7167802
1372,0.00053750694
1373,0.94940495
1374,1824.4642
1375,9.911308
1376,8.050051e-08
1377,0.00013334987
1378,8.577903e-08
1379,1.6266158e-05
1380,8.005723e-12
1381,8.515018e-07
1382,2.6000653e-15
1383,1.4112875e-07
1384,1.8351288e-09
1385,3.5348266e-10
1386,0.13474472
1387,8.527413e-12
1388,4.5053024e-12
1389,5.3446464e-10
1390,4.4513394e-07
1391,1.5591049
1392,0.029483456
1393,0.032937787
1394,12.810192
1395,4.4040275e-12
1396,2.8681696e-10
1397,1.7200297e-12
1398,8.2822424e-07
1399,4.1545056e-07
1400,3.4670598e-13
1401,0.5263754
1402,1.5917783e-08
1403,3.5264193e-08
1404,0.00012959223
1405,1.4094085e-09
1406,9.467583e-08
1407,75.39963
1408,4.6096593e-06
1409,1.2090234e-14
1410,2.2288213e-14
1411,7.551568e-09
1412,0.00023412981
1413,0.3295859
1414,1824.9238
1415,1.3626456e-11
1416,157.08626
1417,2.040593e-11
1418,1.3029473e-10
1419,4.2138906e-10
1420,1807.3864
1421,0.00078862737
1422,5.1422148e-12
1423,1091.2642
1424,1.397975e-07
1425,2.6069658e-09
1426,0.22978486
1427,0.049961913
1428,0.16703212
1429,0.37970874
1430,7.493987e-09
1431,0.17804056
1432,13.714973
1433,0.0013957283
1434,3.873659e-14
1435,0.010724521
1436,1803.9644
1437,2.6148424
1438,2.0492483e-07
1439,1.8602622
1440,1.5592572e-10
1441,0.0011558697
1442,0.02373733
1443,3.1279595
1444,0.075060934
1445,0.24892387
1446,0.8846307
1447,3.79409e-05
1448,1125.0724
1449,1.9789654e-11
1450,1.652734e-07
1451,1.2280776e-09
1452,1810.6451
1453,1.8369282e-06
1454,1824.8762
1455,4.756922e-05
1456,1060.6523
1457,1.3428742e-07
1458,4.9125417e-12
1459,0.03348328
1460,1416.6758
1461,4.074016e-08
1462,0.045205615
1463,7.412618e-12
1464,2.3146122e-14
1465,1.734006e-16
1466,0.59340703
1467,1.6182611e-12
1468,1.1895418e-06
1469,3.764356e-09
1470,0.19454186
1471,1.3245987e-15
1472,6.048482
1473,0.0005053149
1474,2.9087186e-09
1475,2.17987e-11
1476,0.00030691136
1477,2.6485295e-13
1478,1.6521689e-08
1479,0.00052689656
1480,0.013902951
1481,6.473005e-11
1482,4.9526003e-05
1483,5.300851
1484,17.866934
1485,1824.7054
1486,0.00017853682
1487,1657.3047
1488,6.091595e-08
1489,1.543584e-05
1490,1.2046877e-05
1491,1.2814996e-10
1492,8.2138285e-10
1493,1.0433302
1494,4.63528e-10
1495,6.817041e-10
1496,0.236326
1497,97.51659
1498,0.0002925629
1499,7.6313205e-09
1500,0.000687006
1501,4.266957e-09
1502,87.164085
1503,1.2950669e-12
1504,9.986624e-09
1505,1703.401
1506,4.3453992e-06
1507,413.7295
1508,0.00017409226
1509,2.7183909e-05
1510,0.16914226
1511,5.5017145e-15
1512,8.7305656e-05
1513,1818.3866
1514,2.2196943e-08
1515,2.8475071e-09
1516,62.664936
1517,4.3002195e-12
1518,1538.2664
1519,6.40063e-15
1520,190.00284
1521,0.0025153612
1522,1.585206
1523,1824.9998
1524,1.1421723e-10
1525,1.8300653e-15
1526,3.334497e-07
1527,0.00021566336
1528,1.41839225e-08
1529,1.4915482e-05
1530,1.2892796e-09
1531,1.231803e-09
1532,1824.9998
1533,6.723656e-05
1534,112.226105
1535,1813.9014
1536,1.1927678e-10
1537,1.1291204e-09
1538,9.886361e-10
1539,1.1720814e-05
1540,11.495281
1541,0.00195588
1542,1820.4537
1543,2.7764652e-10
1544,9.479463e-14
1545,0.0028181132
1546,0.39862266
1547,1.0035818e-07
1548,0.0018843648
1549,1.5853329e-09
1550,0.009946308
1551,3.9349465e-10
1552,0.0007442914
1553,5.462232e-15
1554,3.11632e-11
1555,1.6646438e-05
1556,1.4284446
1557,6.186925e-07
1558,409.03436
1559,9.711818e-10
1560,6.2161484
1561,4.2040646e-10
1562,9.174347e-06
1563,0.0008615292
1564,7.555948e-09
1565,0.16447413
1566,2.7209378e-05
1567,1.453913e-08
1568,0.00022150273
1569,0.00012767047
1570,4.054609e-06
1571,1686.0885
1572,2.5783422
1573,1.4591957e-06
1574,0.0003320409
1575,3.3907923e-05
1576,4.5361983e-08
1577,2.1955419e-08
1578,119.25186
1579,4.0291774e-09
1580,2.8476455e-07
1581,0.0024224943
1582,4.0489227e-05
1583,0.006265843
1584,1.0063898e-11
1585,1210.2251
1586,0.008083795
1587,7.797496e-16
1588,0.0008867569
1589,5.7639507e-09
1590,1.2674042e-09
1591,9.353601e-13
1592,3.681112e-09
1593,37.934395
1594,0.5759435
1595,7.297884e-14
1596,0.0001468349
1597,1824.8551
1598,0.00016852662
1599,2.8236263e-07
1600,0.0010950164
1601,5.0873035e-11
1602,0.13758844
1603,1823.2863
1604,8.940221
1605,2.5123855e-08
1606,15.449764
1607,20.952131
1608,2.8715317e-13
1609,0.86793715
1610,4.436641e-11
1611,3.9773102e-05
1612,7.017096e-08
1613,7.6589665
1614,15.571877
1615,24.628944
1616,3.272145e-09
1617,198.62032
1618,2.9738303e-10
1619,1.5448908e-06
1620,1808.6492
1621,0.00036501273
1622,3.0142632e-05
1623,1825.0
1624,663.39294
1625,1.0391364e-11
1626,4.7201962e-07
1627,2.1505467e-13
1628,7.812694e-09
1629,2.9007668e-10
1630,4.998019e-08
1631,4.944407
1632,2.7062614e-11
1633,0.08336341
1634,2.0121673e-14
1635,1.0567656e-07
1636,7.8362305e-16
1637,0.45865765
1638,3.009851e-05
1639,1.2076778e-06
1640,3.485749
1641,11.212199
1642,5.7950068e-08
1643,1.4619652e-13
1644,0.011756108
1645,2.546383e-15
1646,50.85533
1647,6.0708505e-10
1648,1.6709874e-08
1649,2.5768716e-07
1650,0.00034857838
1651,1.2400795e-09
1652,4.902015e-07
1653,0.058081128
1654,5.380846e-06
1655,1.6348077e-06
1656,6.4428875e-15
1657,7.2690173e-06
1658,3.6957683e-08
1659,0.99750394
1660,901.77747
1661,1824.7975
1662,1.8707659e-10
1663,1.8439204e-10
1664,6.920108e-12
1665,0.27442992
1666,0.18318436
1667,7.874713
1668,4.1989555e-08
1669,7.310709e-08
1670,3.7165976
1671,2.8274407e-08
1672,1587.34
1673,8.387955e-05
1674,1.3291178e-05
1675,0.87409693
1676,0.95269156
1677,87.02891
1678,6.0926966e-09
1679,1.0628054
1680,0.0009501653
1681,1.0118185e-09
1682,2.1585873e-07
1683,1665.9664
1684,2.6400313e-09
1685,1.3630422e-09
1686,3.359932e-07
1687,15.382923
1688,6.479505e-10
1689,0.035159018
1690,1.4069021
1691,0.013715097
1692,0.017911322
1693,1.955163e-08
1694,6.5008376e-09
1695,25.055365
1696,1664.7258
1697,3.3545515e-08
1698,16.18418
1699,0.01622622
1700,0.21188146
1701,4.2446229e-07
1702,6.9755814e-08
1703,8.204235e-05
1704,0.00053316593
1705,0.018174773
1706,0.33624
1707,0.046011984
1708,1814.9755
1709,1.1163336e-06
1710,1824.3184
1711,1167.7489
1712,1.533906e-07
1713,10.136747
1714,1.1056302
1715,1.0217167e-09
1716,185.01047
1717,5.84021e-05
1718,0.1525603
1719,0.021793447
1720,3.2699333e-11
1721,164.08847
1722,2.9478145e-13
1723,2.5704197e-16
1724,4.902921e-11
1725,0.46055505
1726,0.73209304
1727,0.00018602819
1728,5.3888406e-16
1729,1.3868549e-15
1730,1809.2847
1731,4.6475854
1732,0.0023443173
1733,1.3549076e-10
1734,0.0005393982
1735,3.6778126e-06
1736,0.46935436
1737,6.266616e-11
1738,2.0255947e-10
1739,91.69611
1740,3.4122243e-11
1741,0.00037869264
1742,1182.5553
1743,7.670643e-14
1744,2.4039706e-11
1745,5.977486e-09
1746,2.106635e-06
1747,0.45265126
1748,3.3870262e-15
1749,50.37189
1750,5.2360954e-10
1751,1.1693905e-09
1752,1.5273231e-10
1753,8.203276e-10
1754,0.12029379
1755,4.7443844e-15
1756,1.09408935e-08
1757,2.463461e-09
1758,6.7086035e-09
1759,2.96582e-07
1760,0.008989346
1761,2.226561e-14
1762,1.3923957e-13
1763,0.002056053
1764,4.775453e-11
1765,2.0834902e-10
1766,1.2053103
1767,9.2016306e-10
1768,2.2575594e-07
1769,2.3757248e-06
1770,5.205484e-07
1771,5.763121e-07
1772,2.5061873e-08
1773,2.0925866e-06
1774,4.3014862e-07
1775,1.939918e-12
1776,1.0725891e-10
1777,0.00020783822
1778,2.6022478e-08
1779,3.990596e-11
1780,7.2565315e-11
1781,1.6224218e-11
1782,3.851227e-10
1783,1.3831233e-06
1784,7.162538e-05
1785,8.4592294e-08
1786,83.38234
1787,1.1747552e-10
1788,0.20477821
1789,1.3608022e-10
1790,0.1821276
1791,1.5804063
1792,1.7678869e-11
1793,1.0681559e-08
1794,0.2984158
1795,1.4353691e-08
1796,0.001499221
1797,2.1078699
1798,1.6906302e-15
1799,0.0054597342
1800,7.105668
1801,0.10307
1802,4.8783255e-10
1803,1810.0646
1804,5.7233622e-09
1805,0.61177593
1806,311.1902
1807,5.466564e-09
1808,4.789186e-09
1809,1.0078907
1810,3.495689e-11
1811,2.6271257e-06
1812,1.7318035e-10
1813,9.652128e-07
1814,0.016098015
1815,3.2728131e-09
1816,0.0025992694
1817,2.164493e-09
1818,216.77423
1819,46.17975
1820,1824.9998
1821,1.6442203e-06
1822,1812.455
1823,2.4032465e-07
1824,4.7806056e-17
1825,9.457394e-14
1826,2.5386242e-11
1827,0.064095125
1828,4.454851e-09
1829,0.015143303
1830,2.0711675e-14
1831,104.18412
1832,4.7732085e-09
1833,2.0330138
1834,2.0406319e-11
1835,1.19386e-07
1836,3.7690475e-05
1837,3.9286078e-11
1838,1799.1946
1839,1814.8998
1840,4.884798e-17
1841,1.4958701e-09
1842,4.642236e-13
1843,0.93461406
1844,1.3995849e-13
1845,3.6810086e-08
1846,0.24003841
1847,6.214399e-07
1848,7.1209066e-10
1849,0.0341976
1850,9.3042923e-10
1851,17.414738
1852,4.1120618e-10
1853,1.6932244e-08
1854,3.5181995e-06
1855,3.0975403e-11
1856,8.146756e-13
1857,0.000304808
1858,1.7216701e-09
1859,0.004500168
1860,4.0670107e-09
1861,6.388877e-06
1862,8.7733104e-10
1863,0.03015069
1864,1.7084207e-14
1865,2.2386304e-09
1866,0.7770108
1867,3.1872687
1868,594.37
1869,500.51627
1870,2.717824e-10
1871,0.13639952
1872,7.455007e-06
1873,4.872966e-15
1874,0.1072129
1875,3.8899842e-07
1876,2.5690885e-14
1877,1.633733e-09
1878,2.2364347
1879,58.724823
1880,0.39875606
1881,1.7989056e-10
1882,57.695553
1883,9.943697e-07
1884,6.80107e-05
1885,7.890153e-11
1886,3.9127173e-07
1887,1.6096364e-11
1888,3.7297912e-10
1889,9.647123e-07
1890,1.7903254e-09
1891,178.744
1892,3.0847998e-11
1893,1771.1171
1894,0.05480346
1895,391.70178
1896,0.015179217
1897,3.885503e-12
1898,33.71986
1899,1.958381e-07
1900,0.00023170112
1901,6.6479273e-11
1902,1.5551458e-11
1903,0.021220362
1904,8.934562e-07
1905,7.559988e-08
1906,3.930312e-13
1907,6.813834e-05
1908,0.10680625
1909,0.13616897
1910,2.5145212e-06
1911,1.2234951
1912,2.8471133e-11
1913,6.4494886
1914,5.0836253e-08
1915,4.8661866e-07
1916,0.001661155
1917,0.028639436
1918,1.1155061e-09
1919,235.57353
1920,1823.3861
1921,4.858174e-11
1922,0.0001072396
1923,357.44934
1924,9.560015e-05
1925,5.5771422
1926,0.00019376844
1927,0.015104589
1928,835.85266
1929,3.6242096e-08
1930,0.015648974
1931,0.00024429982
1932,9.936498e-06
1933,0.0011776403
1934,3.1318427e-07
1935,1.6733532e-13
1936,1.443427e-08
1937,0.032513566
1938,1040.0681
1939,7.738296e-11
1940,0.15243086
1941,6.595299e-11
1942,50.273636
1943,3.5553365e-09
1944,3.0768014e-15
1945,0.27309653
1946,3.2359903e-06
1947,0.0020159024
1948,2.634302e-09
1949,3.0687506e-14
1950,3.05955e-15
1951,1.1206803e-08
1952,5.5923455e-10
1953,36.894855
1954,1.6344693e-08
1955,0.023572449
1956,1.2452068
1957,0.18396103
1958,8.191196e-12
1959,107.376724
1960,9.656903e-10
1961,0.000637886
1962,9.260038e-05
1963,7.2660333e-07
1964,0.0222507
1965,1027.9896
1966,5.695454e-08
1967,1780.8812
1968,1.6290577e-11
1969,1822.007
1970,5.721924e-08
1971,0.005281602
1972,0.025523065
1973,2.6431815e-12
1974,1.0657588
1975,3.7332573e-10
1976,0.10366676
1977,964.02045
1978,0.07894312
1979,4.924132e-10
1980,0.23260179
1981,193.30966
1982,0.12033372
1983,105.4565
1984,5.5714566e-10
1985,3.4968598e-05
1986,0.0013403107
1987,2.636251e-10
1988,0.001769834
1989,3.9107267e-10
1990,1824.7639
1991,0.0011161782
1992,0.06498651
1993,2.3209413e-08
1994,1824.9885
1995,1562.4501
1996,4.2422107e-07
1997,153.88206
1998,5.519678e-11
1999,6.17816e-08
2000,2.6760166
2001,6.95894e-09
2002,6.214606e-09
2003,107.79924
2004,1.3441721e-09
2005,3.7410014e-12
2006,5.170257e-07
2007,2.709974e-12
2008,0.16255394
2009,4.1781067e-07
2010,7.77969e-07
2011,1.1796528e-09
2012,2.3866594
2013,3.2577088e-06
2014,1.1528727
2015,2.7894943e-08
2016,7.0571247e-07
2017,1.3818713e-09
2018,3.5324946e-10
2019,1.4463729
2020,136.26808
2021,0.002052771
2022,7.680313e-12
2023,57.741444
2024,1392.5872
2025,1756.4098
2026,1762.8313
2027,136.85814
2028,3.436813e-13
2029,1.9505086e-10
2030,2.0012497e-08
2031,2.3930493e-12
2032,4.9737077e-06
2033,6.4176047e-09
2034,0.00011183977
2035,5.342715e-08
2036,0.00045722633
2037,2.4766151e-09
2038,0.0798926
2039,3.1923176e-17
2040,1356.8884
2041,3.2178046e-05
2042,0.023579104
2043,0.0008518641
2044,9.460625e-10
2045,0.0017596437
2046,9.577275e-10
2047,0.2675997
2048,7.642284e-10
2049,7.67738e-13
2050,0.051877853
2051,60.750126
2052,4.2319653e-10
2053,1.3108097e-09
2054,0.43477404
2055,1.8736229e-06
2056,4.1794294e-11
2057,7.3144335e-08
2058,0.00090268283
2059,1.1761805e-11
2060,0.0008559081
2061,0.008829495
2062,1.1030615e-12
2063,0.123627536
2064,3.982711e-11
2065,2.2863752e-08
2066,27.880226
2067,0.008993153
2068,2.5660702e-08
2069,0.27147588
2070,1.1957982e-09
2071,7.206704e-05
2072,2.0935077e-11
2073,1.0360047e-09
2074,4.3852065e-06
2075,414.27554
2076,1.3692888e-08
2077,2.6409228e-09
2078,0.06461758
2079,1817.3092
2080,1.4286664e-08
2081,2.5876415e-12
2082,0.00075133174
2083,0.032163873
2084,122.274895
2085,4.2185852e-07
2086,1.02254e-08
2087,0.13392155
2088,1815.427
2089,0.00035964858
2090,4.1520292e-13
2091,0.7423606
2092,1824.9963
2093,0.0039977874
2094,0.00063701184
2095,1.1728305e-05
2096,2.3686971e-07
2097,3.3200526e-11
2098,1.3112312e-07
2099,8.071034e-09
2100,0.76609904
2101,0.0004726504
2102,1.9917896e-09
2103,0.00035782682
2104,7.982026
2105,618.4614
2106,0.0024151795
2107,3.836334e-08
2108,1796.326
2109,1.7140431e-12
2110,1.1104072e-09
2111,376.57382
2112,2.4060424e-05
2113,5.25684e-10
2114,1.9708204e-12
2115,2.0780286e-07
2116,9.209395e-13
2117,1.1234195e-12
2118,0.0125243375
2119,0.25322238
2120,2.3530725e-10
2121,1799.04
2122,1824.9926
2123,0.0010611684
2124,1.149909e-09
2125,5.600928e-10
2126,1073.4493
2127,1.1160365e-08
2128,1.4102559e-12
2129,1.8356454e-07
2130,9.701585e-05
2131,0.021017289
2132,345.7904
2133,3.0619923e-10
2134,0.18260862
2135,1368.5646
2136,0.0005180129
2137,4.1932655e-08
2138,1.2366197e-12
2139,2.9375111e-12
2140,1.3286615e-05
2141,1.5991929e-10
2142,1.5330825e-09
2143,1.691529e-09
2144,0.0020284473
2145,0.58204913
2146,1824.9935
2147,3.839249e-07
2148,1.14522945e-05
2149,2.7185854e-07
2150,0.00013312117
2151,1227.6677
2152,1824.9911
2153,1031.9683
2154,1822.0563
2155,4.2459147e-09
2156,1.696974e-09
2157,259.32803
2158,1.917941e-10
2159,7.2718334e-17
2160,6.5918343e-13
2161,2.0018004e-07
2162,0.014613496
2163,9.325329e-06
2164,0.024881667
2165,5.0478316e-10
2166,1770.3439
2167,1824.997
2168,0.3663768
2169,4.595016
2170,1.5980625e-09
2171,37.08893
2172,2.0852992e-06
2173,0.00021927485
2174,6.679368e-12
2175,0.03699993
2176,0.00021512518
2177,5.3194215e-15
2178,1824.9995
2179,3.2078953e-09
2180,6.2309256e-09
2181,9.3039864e-07
2182,1.1959535e-05
2183,1.865721e-09
2184,1817.2313
2185,0.022066306
2186,806.6
2187,1.2715902e-06
2188,7.697996e-13
2189,3.8510844e-08
2190,2.67901e-08
2191,133.27277
2192,1.1095265e-05
2193,3.3355496e-09
2194,2.1058986e-11
2195,7.97939e-06
2196,6.120881e-06
2197,270.00385
2198,1.3320496e-08
2199,8.32873e-09
2200,1824.7458
2201,0.001005408
2202,3.002812e-11
2203,55.530823
2204,578.44684
2205,8.671486e-12
2206,0.08644582
2207,1.0333716e-10
2208,807.3719
2209,0.0007604049
2210,1.5514203e-09
2211,109.38659
2212,307.88663
2213,148.71443
2214,9.342512e-05
2215,0.23784067
2216,8.524435
2217,1523.1746
2218,1.9770552e-12
2219,0.0050354605
2220,1825.0
2221,8.332858e-06
2222,5.7837073e-09
2223,3.588645e-09
2224,0.18417448
2225,1.9907602e-09
2226,0.34069034
2227,3.631925e-12
2228,0.0038259265
2229,2.5233206e-08
2230,1.2352156e-11
2231,1.41529354e-14
2232,7.685195e-08
2233,5.48628e-07
2234,0.00015933883
2235,3.672432e-08
2236,2.8010289e-10
2237,1.2769452e-05
2238,0.83823085
2239,0.0008492693
2240,1544.6335
2241,8.395729e-10
2242,1.1031752e-08
2243,0.00022737442
2244,2.6403236
2245,0.00023712292
2246,567.32477
2247,2.0776496e-13
2248,1823.1204
2249,1821.0598
2250,1688.664
2251,2.3065927e-09
2252,5.949522e-07
2253,0.0002416218
2254,8.861826
2255,0.00010395901
2256,1466.1196
2257,3.097362e-08
2258,0.12231415
2259,5.1416686e-07
2260,0.00036597127
2261,1824.565
2262,1824.9845
2263,1824.9998
2264,7.226296e-15
2265,1.2480885e-12
2266,0.018513767
2267,1.4243563e-12
2268,372.47748
2269,2.3727791
2270,9.923305e-08
2271,1114.9464
2272,0.3369583
2273,377.16983
2274,0.14531675
2275,3.8593324e-09
2276,15.83601
2277,0.00016554087
2278,0.00012577769
2279,3.3823085
2280,1.5553131
2281,1.550634
2282,5.274343e-07
2283,9.378005e-09
2284,0.3538771
2285,2.9006853e-13
2286,3.4360385e-06
2287,1.8493416
2288,2.0303438e-11
2289,7.616979e-06
2290,0.0003615617
2291,33.484623
2292,3.3882188e-09
2293,2.9241546e-17
2294,32.17265
2295,1.0942256e-07
2296,0.087778956
2297,2.2121431e-14
2298,7.8441963
2299,2.2813377
2300,4.158054e-12
2301,2.0635023e-10
2302,0.0020583167
2303,16.495975
2304,0.10298128
2305,5.3336815e-09
2306,3.2160432e-09
2307,3.3132022e-07
2308,5.412742e-15
2309,2.4408683e-11
2310,1731.4391
2311,1822.8318
2312,860.282
2313,4.8568042e-14
2314,0.27391854
2315,2.293089e-07
2316,5.175568e-06
2317,0.10961852
2318,5.9544472e-15
2319,1.17465e-06
2320,1.0240224e-06
2321,0.25014618
2322,9.567991e-08
2323,5.067698e-09
2324,1.5512553e-08
2325,27.737932
2326,1.09770975e-08
2327,6.6908865e-07
2328,1.4214817e-09
2329,8.798096e-06
2330,8.159413e-06
2331,0.00040112055
2332,1733.2721
2333,1824.8445
2334,1825.0
2335,3.5647042e-07
2336,0.003899087
2337,8.745425e-14
2338,7.5413303e-10
2339,0.00025490846
2340,5.4813254e-06
2341,0.0022778665
2342,0.34568244
2343,4.005405e-07
2344,4.462967e-08
2345,3.8348903e-13
2346,1.8033223
2347,7.524648
2348,0.009427906
2349,4.9298226e-08
2350,2.192964e-08
2351,0.0020042628
2352,0.025739461
2353,761.903
2354,3.418358e-09
2355,1.2086827e-13
2356,1.0254549e-10
2357,3.969033e-06
2358,4.274657e-12
2359,9.609735e-14
2360,2.5222976e-10
2361,7.890269e-12
2362,2.801391e-07
2363,8.2268414e-10
2364,5.0009477e-15
2365,1.8593462e-07
2366,1825.0
2367,6.790013e-05
2368,4.2906718e-06
2369,238.61136
2370,293.5695
2371,1646.0435
2372,2.023022e-11
2373,1.1828973
2374,5.158282e-06
2375,2.568151e-08
2376,617.34796
2377,3.816108e-06
2378,1175.6139
2379,0.0034400604
2380,0.026368322
2381,0.012031957
2382,2.8145242e-10
2383,1.134095e-06
2384,3.320979e-10
2385,1.7196098e-12
2386,3.8325233e-12
2387,1824.9983
2388,0.0002200722
2389,1.0127743e-05
2390,8.3937515e-08
2391,8.679612e-08
2392,0.00034071147
2393,0.08112173
2394,0.015173832
2395,9.282645e-07
2396,1.03128884e-13
2397,1824.9976
2398,8.4564356e-09
2399,3.7701506e-07
2400,5.3340198e-08
2401,1.1104484e-07
2402,2.7756673e-09
2403,1.0948836e-10
2404,2.4127263e-07
2405,3.1920095e-08
2406,1.7201803e-05
2407,0.004907662
2408,2.0926514e-09
2409,4.56683
2410,7.2950905e-05
2411,0.4694367
2412,0.20732461
2413,2.144816e-09
2414,9.2472655e-11
2415,1.3245401e-12
2416,5.314314e-06
2417,7.0778333e-06
2418,1761.1871
2419,6.8043214e-14
2420,2.0692776e-05
2421,6.086631e-06
2422,1824.956
2423,2.0174064e-05
2424,1.1471982e-14
2425,1.2734967e-08
2426,540.08264
2427,1.1372476e-12
2428,2.504354e-07
2429,2.1503132e-05
2430,1.0700686e-08
2431,3.1720931e-10
2432,6.83782e-11
2433,7.9504806e-13
2434,7.1568406e-06
2435,2.4160765e-05
2436,10.830586
2437,1822.1573
2438,0.9704329
2439,3.0164874e-06
2440,5.1242e-08
2441,4.2064746e-12
2442,4.2845621e-10
2443,7.5833405e-08
2444,1.9235031e-09
2445,4.0084357
2446,3.4323915e-05
2447,1.9017779e-10
2448,2.1919897
2449,5.248182e-07
2450,3.4593438e-06
2451,0.013068319
2452,3.1093368e-08
2453,1.5786749e-07
2454,268.36484
2455,977.7001
2456,0.0046176007
2457,3.921907e-11
2458,9.3342886e-12
2459,0.872754
2460,1.5793216e-08
2461,0.050981954
2462,1824.4232
2463,5.0989657e-09
2464,3.4939675
2465,7.1310358e-09
2466,0.31704557
2467,0.043782152
2468,3.16622e-05
2469,5.6134e-13
2470,2.0676469e-10
2471,8.3344177e-13
2472,1.3638183e-07
2473,1.7271415e-07
2474,5.9881446e-09
2475,6.8059325e-10
2476,2.416209e-06
2477,6.083038e-08
2478,1.5525397
2479,0.18649492
2480,1.8521467e-07
2481,1744.0587
2482,0.11488809
2483,1824.8932
2484,2.2686637e-09
2485,3.8989661e-10
2486,4.8182805e-11
2487,13.396834
2488,0.00022975249
2489,0.00029167204
2490,1824.9908
2491,4.3814543e-05
2492,8.385936e-06
2493,5.8764265e-08
2494,2.0901355e-08
2495,3.5233822e-07
2496,6.8347246e-05
2497,17.019249
2498,1.3606811e-05
2499,3.00258e-09
2500,0.017409045
2501,3.0171261e-06
2502,0.03594845
2503,3.6642366e-13
2504,1758.7417
2505,0.10358079
2506,3.3799824e-13
2507,1.9672173e-06
2508,1.0115237
2509,5.4910386e-05
2510,1.8185297e-05
2511,1.7033015e-08
2512,0.0067053623
2513,4.434243e-09
2514,1.0114772e-05
2515,0.03470722
2516,4.945383e-07
2517,2.504103e-09
2518,8.2840185e-13
2519,1.1473275
2520,4.4809603e-06
2521,6.4352316e-05
2522,3.5436635e-06
2523,0.4266636
2524,1.4212844e-12
2525,1696.0629
2526,4.2793208e-13
2527,6.675261e-10
2528,1.9143548e-07
2529,0.0018252556
2530,0.41376156
2531,3.2816547e-07
2532,1824.9995
2533,5.2517213e-09
2534,0.12904607
2535,3.1132305e-11
2536,0.07851539
2537,222.3564
2538,7.810176e-09
2539,8.205111e-09
2540,2.6442468e-11
2541,0.0006318539
2542,3.3597602e-10
2543,1824.7157
2544,3.403091e-08
2545,5.3882504e-10
2546,1670.2694
2547,7.0508854e-06
2548,0.007978606
2549,0.029314313
2550,1643.9115
2551,1265.8441
2552,0.12344717
2553,27.832405
2554,3.3644353e-06
2555,1406.5747
2556,2.4120666e-12
2557,0.5206184
2558,1.4438324e-07
2559,3.999487e-08
2560,0.14409497
2561,0.45602354
2562,3.5683037e-10
2563,5.9857462e-05
2564,9.0249813e-10
2565,1687.3309
2566,1799.1127
2567,0.0027990958
2568,0.22663672
2569,1359.0477
2570,0.00075832225
2571,1.250595e-09
2572,1.6251535e-11
2573,1769.9468
2574,1.2553977e-07
2575,11.360861
2576,3.6567737e-05
2577,0.018507253
2578,0.0045398073
2579,5.5984367e-07
2580,0.00024774217
2581,17.236275
2582,5.603078e-09
2583,1.6649754e-11
2584,0.0033414501
2585,4.5140894e-10
2586,1.5134372e-08
2587,3.5034693e-05
2588,0.0065629333
2589,2.4620892e-13
2590,4.5056785e-09
2591,32.63429
2592,2.8698e-14
2593,5.162019e-11
2594,13.142556
2595,5.178085e-10
2596,1.526223e-13
2597,2.258121e-09
2598,238.10184
2599,4.3447523e-10
2600,0.071024016
2601,0.5529992
2602,1.6227361e-09
2603,0.00025768066
2604,0.14399058
2605,0.045998517
2606,1.8036154e-07
2607,0.021066532
2608,0.0001703724
2609,0.0002566934
2610,7.583365e-09
2611,8.9385904e-13
2612,0.0043997928
2613,2.386555e-11
2614,6.3663935e-11
2615,0.0069275755
2616,577.14185
2617,0.010044224
2618,8.741307e-10
2619,0.0021661264
2620,1824.9906
2621,5.8222272e-12
2622,1.4031527e-10
2623,1.04548675e-10
2624,8.510645
2625,8.354544
2626,2.9485725e-10
2627,4.287252e-06
2628,2.411882e-05
2629,1733.5519
2630,3.6650582e-11
2631,0.00012885575
2632,0.34176138
2633,1799.476
2634,0.00093157776
2635,7.95215e-09
2636,11.252943
2637,0.06722759
2638,0.007650126
2639,3.2007386e-09
2640,13.544748
2641,4.3128374e-08
2642,6.7231e-14
2643,0.008503051
2644,2.8734619e-12
2645,1140.6339
2646,0.8912105
2647,3.8255834e-09
2648,1.7779946e-07
2649,2.2624194e-09
2650,7.1551716e-07
2651,0.00028058706
2652,26.632357
2653,0.016531631
2654,0.00036092952
2655,3.480186e-16
2656,0.19954392
2657,2.38891e-07
2658,0.4195436
2659,6.9126594e-07
2660,1.314653e-09
2661,1.7178866e-07
2662,6.240904e-13
2663,2.3059629e-06
2664,1.0487113e-08
2665,9.3057385e-12
2666,2.0885034e-06
2667,0.00011742255
2668,8.871617e-10
2669,7.389636e-12
2670,2.8847622e-09
2671,6.201357e-05
2672,0.1113317
2673,4.4701395e-12
2674,1329.873
2675,2.666696e-06
2676,3.4877926e-06
2677,1.00684336e-10
2678,0.0053623915
2679,9.415611e-12
2680,2.5531938e-06
2681,0.017103976
2682,1.004174e-06
2683,0.032455355
2684,7.087022e-05
2685,1314.0889
2686,3.1058985e-08
2687,6.9837844e-11
2688,6.0085323e-09
2689,3.7946743e-10
2690,0.09254646
2691,0.34873644
2692,6.8376066e-05
2693,0.00067599065
2694,2.498117
2695,5.284873e-16
2696,1824.6555
2697,32.23569
2698,2.1626074e-05
2699,4.1234873e-11
2700,1.9336989e-10
2701,3.1157583e-09
2702,1.1298717e-06
2703,6.0271193e-15
2704,0.00041180348
2705,325.16382
2706,7.2560224e-14
2707,1824.9625
2708,2.5638423
2709,0.031943813
2710,8.62482e-05
2711,9.881441e-10
2712,0.0002658035
2713,3.4103214e-09
2714,6.856559e-08
2715,1.7059095e-11
2716,1.13835235e-08
2717,5.28153
2718,2.5210806e-14
2719,1.7759091e-12
2720,1.2353935e-05
2721,6.451397e-11
2722,7.348644e-10
2723,1.865116e-09
2724,5.2120824e-10
2725,2.2742903e-10
2726,5.29255e-12
2727,567.6779
2728,0.00010700321
2729,2.244512e-14
2730,1.0667636e-15
2731,9.640867e-15
2732,6.5178463e-09
2733,1.2436837e-07
2734,0.0481586
2735,1.3256642e-09
2736,3.4296698e-16
2737,1.9403688e-09
2738,0.35320425
2739,1.3956662e-13
2740,2.169394e-06
2741,2.3026842e-06
2742,0.16072357
2743,6.915511e-10
2744,5.634042
2745,6.7299104e-11
2746,1.2400363e-10
2747,0.00082186377
2748,0.0015231585
2749,2.4455462e-08
2750,6.909914e-08
2751,744.6492
2752,1824.985
2753,0.0012047695
2754,72.1099
2755,728.85785
2756,4.923262e-05
2757,1.7390741e-08
2758,1.5725233e-07
2759,1.6946999e-13
2760,0.14162935
2761,8.693775e-05
2762,3.264185e-09
2763,0.0005372431
2764,4.9127085e-09
2765,2.7755746e-07
2766,1316.9833
2767,2.769147e-09
2768,1822.6914
2769,2.9517538e-05
2770,4.1231935e-05
2771,1.5914822e-10
2772,0.47123265
2773,2.8708256e-09
2774,1.4229837e-10
2775,3.8197257e-18
2776,0.004272111
2777,0.19686335
2778,1.8502901e-14
2779,1.1282411e-07
2780,4.0174264e-14
2781,9.0024514e-08
2782,113.65557
2783,8.8348424e-05
2784,1.462992e-09
2785,3.3026398e-11
2786,6.729057e-05
2787,5.2569007e-06
2788,1.0456208e-13
2789,67.09618
2790,82.804276
2791,3.2629227e-08
2792,0.00027261258
2793,2.380236e-15
2794,1.6152699e-12
2795,3.0501416
2796,0.00024808216
2797,0.00069349055
2798,6.286177e-07
2799,8.5086043e-07
2800,275.73587
2801,3.353367
2802,3.5580806e-07
2803,9.164731e-05
2804,624.216
2805,6.8764887e-09
2806,0.0023260764
2807,6.6554193e-09
2808,4.4916247e-05
2809,2.4950602e-08
2810,3.2602804e-07
2811,9.566658e-12
2812,5.866277e-13
2813,3.6195463e-12
2814,2.2115884
2815,0.00013906
2816,1.4399718e-06
2817,0.00058355794
2818,3.3039045e-12
2819,2.5729894e-05
2820,1.6611318e-06
2821,4.2984366e-10
2822,1.2634653e-05
2823,6.019699e-07
2824,0.6844162
2825,0.00022390865
2826,1.2463362e-07
2827,1.4583217e-14
2828,1824.6709
2829,0.0016889807
2830,1780.6028
2831,3.508419e-08
2832,1.603205e-15
2833,1.8274037e-08
2834,2.6692288
2835,1.4375097e-07
2836,5.840176e-09
2837,0.00011898561
2838,0.06721957
2839,7.0787914e-10
2840,8.3017785e-06
2841,0.62607527
2842,0.11713347
2843,3.7247863e-10
2844,6.866961e-05
2845,2.3604055e-16
2846,4.6323257e-07
2847,0.0005477943
2848,0.36289623
2849,1.0304125e-08
2850,1820.0673
2851,2.0602775e-10
2852,41.717617
2853,3.5094642e-15
2854,1.1340749e-07
2855,2.3951085e-16
2856,8.3222415e-11
2857,1719.2448
2858,2.3858842e-09
2859,2.5274216e-10
2860,1.980521e-11
2861,0.00016273739
2862,2.7699846e-07
2863,0.498987
2864,8.9848506e-08
2865,2.3125209e-10
2866,5.263151e-06
2867,0.07471621
2868,8.773002e-08
2869,1.5304728e-06
2870,1.3579263e-07
2871,1.0969876e-08
2872,5.0764573e-11
2873,1.759337e-06
2874,0.0009882239
2875,3.4205545e-06
2876,0.10320021
2877,276.6818
2878,9.898734e-11
2879,5.89518e-10
2880,8.895677e-10
2881,1.3548238e-08
2882,8.595067e-08
2883,1.6552049e-06
2884,2.8159255e-10
2885,2.1812978e-10
2886,2.7267195e-09
2887,2.0559007e-06
2888,3.0036187e-08
2889,1.9854486e-08
2890,2.3689497e-11
2891,0.01697084
2892,2.7413326e-12
2893,0.0002677138
2894,2.1315911e-12
2895,0.012246808
2896,0.17831786
2897,324.47174
2898,0.019625006
2899,3.1233301e-07
2900,3.4472966e-06
2901,5.7998827e-12
2902,0.00013389808
2903,151.73538
2904,6.9692646e-08
2905,6.1381984e-09
2906,1804.4496
2907,6.7518086e-10
2908,81.21098
2909,2.1385884e-11
2910,8.270691e-10
2911,3.4600114e-09
2912,6.695715e-10
2913,0.16702336
2914,0.2691641
2915,0.87917835
2916,0.0016133576
2917,4.5347213e-07
2918,1.2262197e-08
2919,3.729007e-11
2920,7.823612e-12
2921,1818.9352
2922,1.8604441e-09
2923,2.636215e-07
2924,0.054207012
2925,5.740557e-06
2926,5.0268176e-07
2927,1.587797e-08
2928,3.8487044e-16
2929,4.8002334e-05
2930,1.622049e-09
2931,0.21542656
2932,0.0052101575
2933,13.0905695
2934,0.48009583
2935,1.0213232e-09
2936,8.2836314e-11
2937,1107.8031
2938,1.3972393e-11
2939,1.5850073
2940,1.93794
2941,2.728709e-08
2942,147.65742
2943,4.4364637e-11
2944,2.031025
2945,0.41921008
2946,0.002627888
2947,1.625169e-07
2948,2.7710831e-15
2949,0.18824087
2950,56.414047
2951,2.3078394e-08
2952,0.0030076972
2953,3.7190417e-11
2954,2.3092234
2955,0.00017334474
2956,6.123164e-08
2957,0.25627014
2958,2.3037721e-11
2959,1.8742445
2960,2.260999e-06
2961,7.1085615
2962,2.3244809e-08
2963,1772.8678
2964,1824.9852
2965,9.689468e-06
2966,1.1474017
2967,5.1610494e-09
2968,1.0910041e-10
2969,0.003815826
2970,272.4804
2971,0.0225642
2972,2.8379725e-07
2973,1819.2213
2974,6.4912136e-08
2975,297.0399
2976,9.476466
2977,4.1017728e-08
2978,1.3825341e-15
2979,0.0069358842
2980,2.5862395e-05
2981,4.026629e-08
2982,2.4660727e-11
2983,462.27176
2984,1444.4843
2985,13.882335
2986,4.9867445e-12
2987,4.925574
2988,8.325522e-05
2989,8.044827
2990,1.1610075e-09
2991,5.286797e-09
2992,6.678589e-09
2993,0.08889131
2994,1.276727e-11
2995,0.55904603
2996,1.1937722e-13
2997,1824.8131
2998,0.82145625
2999,3.6331747e-07
3000,9.243774e-11
3001,0.00013154642
3002,11.436263
3003,0.054112643
3004,0.9660998
3005,8.1148636e-11
3006,5.0511115e-08
3007,3.0043725e-06
3008,6.128801e-10
3009,6.298455e-07
3010,1.292136e-08
3011,3.4817367
3012,1213.9137
3013,2.8535532e-09
3014,0.00020874084
3015,0.15435225
3016,5.867822e-09
3017,1.2063837e-10
3018,2.4830453e-07
3019,2.4884383e-09
3020,3.1216967e-08
3021,360.07663
3022,1702.9995
3023,74.96694
3024,1825.0
3025,0.0479281
3026,3.4794328e-14
3027,4.026753e-11
3028,1703.2888
3029,1768.2303
3030,3.8414414e-06
3031,2.8161998e-10
3032,4.1804918e-10
3033,17.248093
3034,2.0912546e-13
3035,0.00049155176
3036,7.9191246e-05
3037,5.3292043e-10
3038,29.571363
3039,9.837874e-09
3040,15.434702
3041,0.15716761
3042,4.968786e-10
3043,4.4290286e-05
3044,1.15023225e-11
3045,2.7261688e-09
3046,0.0050783763
3047,0.00096360256
3048,0.17944846
3049,0.0001589515
3050,2.1060572e-13
3051,0.32596704
3052,4.4057826e-05
3053,1.5430747e-05
3054,1.1237534
3055,4.739305e-10
3056,0.14915913
3057,1.0333798e-09
3058,0.0013812763
3059,1.9325126e-09
3060,4.1124076e-06
3061,1824.997
3062,1.4672871e-09
3063,8.488561e-09
3064,4.820753e-11
3065,4.6472725e-11
3066,1.1064167e-11
3067,4.503857e-13
3068,2.1004222e-08
3069,1.2458054e-12
3070,28.284357
3071,1.3864781
3072,6.3111742e-12
3073,727.5959
3074,0.040514078
3075,1824.9902
3076,1.0577472e-08
3077,0.006068183
3078,1824.1134
3079,1144.9081
3080,6.7117077e-07
3081,10.23322
3082,137.79257
3083,1.1635068e-11
3084,3.85063e-15
3085,329.49863
3086,9.11969e-09
3087,5.1481823e-08
3088,6.353241e-08
3089,1.2229455e-11
3090,0.28969556
3091,0.14830689
3092,3.7111948
3093,1.6212161e-10
3094,0.0005190172
3095,6.97176
3096,2.5355265e-08
3097,422.754
3098,2.0426642e-08
3099,5.152108e-13
3100,8.281133e-08
3101,1.6320224e-10
3102,4.4033752e-07
3103,2.537314e-06
3104,4.1598374e-09
3105,0.239198
3106,4.0370637e-12
3107,3.6078355e-16
3108,467.2252
3109,5.138565e-13
3110,1.2526673e-05
3111,1.5653264e-07
3112,178.57854
3113,0.00019578983
3114,1763.5465
3115,8.6967674e-07
3116,0.00017204958
3117,4.668935
3118,1.8148302e-11
3119,3.9643133e-09
3120,4.839566e-11
3121,0.21152598
3122,6.2043014e-13
3123,1.4065157e-06
3124,0.00016544269
3125,4.587392e-05
3126,1.518582e-11
3127,8.186781e-11
3128,2.1138145e-07
3129,0.00017957778
3130,1210.0466
3131,4.4168016e-10
3132,1.12626e-12
3133,2.0111648e-11
3134,1.8818422e-10
3135,0.031183321
3136,0.55997473
3137,0.002179463
3138,58.89516
3139,2.3448277e-07
3140,1.9111386e-13
3141,1823.2069
3142,2.8034356e-05
3143,0.0002379248
3144,20.187273
3145,4.4984855e-08
3146,4.0542324e-16
3147,1.4479428e-09
3148,1778.8309
3149,0.6730811
3150,1.0336511e-07
3151,9.544055e-05
3152,0.0004975087
3153,1809.188
3154,1.5887168e-09
3155,1.8447322e-11
3156,1791.0875
3157,9.035536e-07
3158,1814.1825
3159,3.207639e-16
3160,2.171985e-07
3161,0.022113621
3162,2.4256528e-09
3163,1800.761
3164,261.02844
3165,1815.8226
3166,20.058434
3167,5.3142965e-05
3168,4.195895e-09
3169,0.095108375
3170,0.70545256
3171,1.8138492e-09
3172,4.482039e-09
3173,0.00020208619
3174,1.486634e-06
3175,0.11280758
3176,1824.7864
3177,1.0529615
3178,1004.712
3179,1.2371008e-05
3180,0.0020404046
3181,1.4790865e-08
3182,0.015518475
3183,27.958975
3184,0.90284586
3185,1.2855139e-11
3186,2.2897423e-06
3187,2.8565617e-07
3188,7.1255546
3189,38.776913
3190,2.1007647e-10
3191,5.185169e-11
3192,5.664012e-13
3193,6.8073856e-14
3194,1726.112
3195,7.896771e-05
3196,4.160123e-09
3197,686.00146
3198,2.2314343e-13
3199,16.478634
3200,9.114353e-16
3201,1.4354945
3202,1.5780225e-06
3203,1823.9575
3204,3.2031654e-15
3205,6.335006e-08
3206,0.021185359
3207,4.0517407e-06
3208,3.622676e-08
3209,2.1228676
3210,4.58037e-13
3211,1.3505332e-08
3212,779.5914
3213,2.6833715e-05
3214,1822.0194
3215,7.849547e-08
3216,1.3364057e-09
3217,1685.6841
3218,924.1522
3219,3.3090177e-09
3220,0.0002261767
3221,2.452398
3222,4.1996344e-09
3223,2.5897403e-08
3224,8.5465707e-10
3225,2.9438877e-05
3226,0.3438068
3227,6.8195143e-09
3228,104.601006
3229,4.3372797e-08
3230,1.572878e-10
3231,77.382095
3232,0.1023618
3233,1546.6823
3234,4.075129e-07
3235,195.60852
3236,235.58675
3237,7.110097e-08
3238,0.051556777
3239,8.419554e-11
3240,8.274425
3241,1813.5986
3242,1.1408905e-09
3243,2.0459582e-16
3244,2.0240394e-09
3245,2.7717153e-05
3246,3.2105052e-15
3247,493.96317
3248,2.350774e-15
3249,4.339545e-09
3250,0.031319045
3251,0.37608862
3252,5.1913157
3253,6.038997e-14
3254,2.402813e-09
3255,5.6880148e-05
3256,5.1328814e-14
3257,3.9575667e-09
3258,2.4273485e-15
3259,0.00091510644
3260,5.5811192e-08
3261,7.275299
3262,5.514449e-07
3263,55.131462
3264,1.6653868
3265,1.9393559e-08
3266,1.4041064e-09
3267,4.2038445
3268,6.831947e-13
3269,0.0006622719
3270,0.0004437168
3271,0.009591619
3272,6.8787004e-14
3273,2.1992081e-09
3274,3.432149e-09
3275,1.9319509e-07
3276,8.0426643e-13
3277,2.4293965e-07
3278,276.92813
3279,0.00073009805
3280,2.2210706e-08
3281,0.108317845
3282,0.19347017
3283,7.173621e-10
3284,6.6010887e-07
3285,4.157997e-09
3286,1.9345896e-12
3287,0.047415655
3288,4.391046e-11
3289,1730.7434
3290,128.40202
3291,0.5124011
3292,3.5474927e-09
3293,0.0009969533
3294,1.0336481e-05
3295,1822.1781
3296,60.623722
3297,2.0219856e-10
3298,1825.0
3299,1.3256599e-08
3300,3.3748596e-10
3301,5.269681e-13
3302,1.5815024e-10
3303,12.64438
3304,6.3646853e-06
3305,5.8792286
3306,0.002646721
3307,5.3858074e-09
3308,2.5643849e-06
3309,8.719983e-12
3310,59.252472
3311,0.001547881
3312,1.37673
3313,0.0026976285
3314,1.889386
3315,58.422623
3316,0.021641303
3317,0.0028847472
3318,1822.3499
3319,0.0050997455
3320,5.2138574e-08
3321,0.00013334656
3322,2.534666e-08
3323,1.4695739e-07
3324,2.3797118e-13
3325,0.0018713026
3326,2.3247082e-07
3327,1.4043636e-09
3328,3.3987525e-15
3329,8.1635215e-10
3330,6.531208e-14
3331,3.1462137e-06
3332,6.037996e-10
3333,154.0364
3334,1.1102482e-09
3335,3.962317e-13
3336,5.7802998e-05
3337,4.910968e-12
3338,2.4345349e-08
3339,2.926274e-10
3340,668.44495
3341,3.0575856e-10
3342,2.012531e-11
3343,1823.9872
3344,0.21690589
3345,2.262122e-05
3346,2.9818175e-09
3347,7.475969e-09
3348,1.2713488e-08
3349,1.0945334e-09
3350,0.3249257
3351,413.3156
3352,5.0127696e-08
3353,3.2326022e-07
3354,0.008142326
3355,1.3571895e-09
3356,4.147702e-08
3357,0.13296157
3358,1.0095659e-11
3359,2.5788788e-10
3360,0.30885404
3361,1.029314e-05
3362,7.083102e-13
3363,1.5305208e-08
3364,3.656974e-10
3365,9.2003054e-12
3366,2.8090174e-13
3367,8.871738e-13
3368,1.03430786e-07
3369,1.8746041e-08
3370,0.03573939
3371,0.08201416
3372,2.2470363e-09
3373,3.9771483e-10
3374,1.3747114e-11
3375,1.0046068e-06
3376,9.77614e-10
3377,5.504573e-10
3378,7.230581e-12
3379,3.6747065e-06
3380,1.8409593e-05
3381,1230.2859
3382,1.5434674e-11
3383,1.0141897e-08
3384,0.004851356
3385,1815.6998
3386,4.6726747e-11
3387,1800.3909
3388,3.5564764e-05
3389,0.00025026334
3390,595.8747
3391,3.5789864e-09
3392,1824.7957
3393,2.6944873e-11
3394,1483.0372
3395,3.833613e-08
3396,714.64874
3397,1.1816667e-08
3398,1802.1154
3399,0.00079558004
3400,2.3364112e-12
3401,5.6571107
3402,643.4041
3403,4.6080206e-15
3404,7.279195e-15
3405,1813.349
3406,2.6548167e-05
3407,0.0057386374
3408,1.4497763e-07
3409,3.3807501e-09
3410,1816.8605
3411,1.988756e-13
3412,6.76451e-09
3413,1.0523887e-07
3414,5.468326e-13
3415,5.1409522e-11
3416,0.33066115
3417,3.1077266e-10
3418,1.6241847e-06
3419,1.0041906e-07
3420,1823.7147
3421,135.69904
3422,8.258623e-08
3423,0.00017208602
3424,1824.8656
3425,5.529065
3426,1415.6005
3427,0.009780805
3428,4.7295525e-06
3429,699.03204
3430,1.0241403e-16
3431,6.078695e-10
3432,0.526864
3433,0.46623543
3434,2.5826998e-09
3435,1.0238718
3436,0.00020356319
3437,85.98534
3438,1.7983126e-06
3439,116.11277
3440,0.013161021
3441,2.3147296e-12
3442,0.053593535
3443,3.059381e-07
3444,0.45551816
3445,0.061807286
3446,13.286707
3447,1.950557e-14
3448,4.399949e-11
3449,6.8436834e-06
3450,18.053957
3451,2.7129534e-08
3452,6.6546545e-06
3453,1.0336744
3454,2.5139515e-09
3455,1.4128987e-10
3456,1.1220931e-06
3457,1556.2484
3458,7.282503e-07
3459,3.1167138e-10
3460,4.3887223e-09
3461,9.135545e-10
3462,417.25623
3463,1.3794774
3464,49.948917
3465,0.031582627
3466,6.5179285e-07
3467,2.3528141e-12
3468,0.045245856
3469,227.10829
3470,149.55937
3471,1.1363493e-13
3472,3.906401e-11
3473,2.6476198e-06
3474,1.1902852e-08
3475,2.987122e-06
3476,2.0759414e-10
3477,0.410369
3478,0.0015939106
3479,0.21134411
3480,1.3087999e-11
3481,2.9845132e-10
3482,1.2269182
3483,0.0030078292
3484,1275.8842
3485,1.4377193e-09
3486,0.00081089325
3487,7.146837e-11
3488,1.9560988
3489,8.802162e-05
3490,4.2229708e-08
3491,0.05923658
3492,0.015661532
3493,0.008800584
3494,1.4044635e-08
3495,6.34648e-09
3496,1.9360325e-05
3497,1.1054848e-10
3498,1670.3933
3499,2.7375097e-07
3500,5.1041718
3501,1.2606322
3502,2.3903e-11
3503,2.3305715e-12
3504,5.2003725e-07
3505,0.14059429
3506,3.070601e-10
3507,9.074373e-08
3508,2.5873284e-10
3509,345.13257
3510,1318.8351
3511,1.2406468e-06
3512,4.8064914e-05
3513,1804.4583
3514,1.8018693e-10
3515,1.95856e-11
3516,1819.3177
3517,1404.7063
3518,13.346325
3519,2.7710081e-08
3520,7.332808e-10
3521,1821.5619
3522,1.4936077e-11
3523,2.428935e-13
3524,1824.632
3525,0.36967632
3526,2.2870976e-13
3527,8.996332e-06
3528,9.0452124e-10
3529,0.42673194
3530,1.5806431e-06
3531,7.99637e-08
3532,1.3937948e-11
3533,1.3446824e-09
3534,1825.0
3535,4.865962e-08
3536,0.0012882797
3537,0.20386423
3538,6.931934e-15
3539,2.2867515
3540,1.9240798e-12
3541,2.7412309e-10
3542,0.00019238309
3543,5.4746034e-11
3544,4.892147e-05
3545,1.2044806e-09
3546,12.956084
3547,0.00021141503
3548,0.31560326
3549,3.360038e-05
3550,5.091522e-09
3551,1.6434796
3552,2.8515005e-06
3553,2.6870882e-06
3554,2.1157363e-09
3555,3.82463e-08
3556,0.0011797715
3557,2.5259979e-08
3558,0.038726814
3559,0.008319682
3560,1820.704
3561,5.904129e-05
3562,38.801968
3563,8.891127e-11
3564,6.8475767e-09
3565,30.475939
3566,6.0936766
3567,0.9263502
3568,2.1988517e-05
3569,9.048344e-12
3570,0.00026237054
3571,3.7827149e-06
3572,1820.132
3573,6.944967e-12
3574,70.91789
3575,0.024018165
3576,5.054127e-16
3577,0.0070056194
3578,1824.9875
3579,1792.6404
3580,7.61636e-12
3581,0.014308315
3582,3.0824954e-10
3583,2.7235833e-07
3584,7.252873e-09
3585,0.00022181135
3586,2.5096594e-16
3587,1662.1648
3588,0.89660925
3589,1.360295e-08
3590,16.85919
3591,237.48308
3592,1.15176215e-08
3593,1.01476886e-07
3594,4.0837975e-07
3595,2.4314278e-10
3596,0.05130996
3597,1.6992007e-11
3598,2.1778781
3599,2.9752047e-09
3600,1824.3575
3601,1133.0392
3602,4.4545158e-07
3603,5.9534866e-10
3604,5.171231e-08
3605,5.860135e-10
3606,146.25266
3607,369.28012
3608,5.1042355e-07
3609,1.7158075e-14
3610,2.5436862e-06
3611,1824.9497
3612,2.732478e-09
3613,1.2666706e-07
3614,9.1891783e-10
3615,4.727706e-09
3616,7.1004105e-11
3617,1.3380532e-13
3618,0.14826418
3619,15.628282
3620,1.4205447e-08
3621,5.590919e-09
3622,0.92496103
3623,0.0002680804
3624,5.7221367e-10
3625,5.5225613e-08
3626,0.0023816414
3627,3.5000883e-06
3628,0.0056956406
3629,1.6331683e-10
3630,1.0068531e-10
3631,2.8392443e-11
3632,3.3293935e-07
3633,0.00018677016
3634,0.34314033
3635,4.3181355e-13
3636,2.557445e-09
3637,8.487068e-06
3638,1.89427e-06
3639,652.8244
3640,1.9760424e-07
3641,0.18355696
3642,5.2250465e-12
3643,0.0011226666
3644,7.709957e-13
3645,6.523934e-11
3646,303.20367
3647,6.109477e-05
3648,1.561039e-07
3649,2.037244e-08
3650,1.0182767e-06
3651,0.0038115992
3652,65.631195
3653,3.1418712e-14
3654,0.026549088
3655,4.7046943e-17
3656,1.2684245e-13
3657,1.3082914e-06
3658,9.952733e-06
3659,5.1730438e-09
3660,5.3676484e-08
3661,0.00019278233
3662,3.2017002e-07
3663,4.4962395e-11
3664,9.198511e-13
3665,0.093494564
3666,1.5542818e-16
3667,0.059160247
3668,1.6426097e-13
3669,1.816756e-11
3670,1.0592576e-15
3671,9.637881e-09
3672,320.68527
3673,9.754158e-11
3674,2.218457
3675,0.028565079
3676,0.038417052
3677,2.9520117e-13
3678,2.1377669e-09
3679,62.703163
3680,2.5586493
3681,1.4644857e-05
3682,5.2237906e-12
3683,1.040496e-09
3684,1823.8234
3685,1.1045259e-10
3686,0.1703912
3687,70.39119
3688,1.1865016e-09
3689,2.7144707e-11
3690,2.1666808
3691,0.01776836
3692,2.1130699e-10
3693,164.08397
3694,1161.8639
3695,0.00034564707
3696,1178.8271
3697,1.0757862e-08
3698,1.4646545e-07
3699,1.580255e-05
3700,800.1332
3701,1.3973545e-10
3702,1823.251
3703,11.467905
3704,4.0186438e-07
3705,1.8612809e-06
3706,0.039454743
3707,5.6701527e-05
3708,1.3092446
3709,6.0625687e-09
3710,1789.9746
3711,7.3173695e-10
3712,9.455078e-08
3713,1.2202487e-09
3714,1.5853565e-06
3715,1.2484768e-08
3716,1.2217306
3717,415.60513
3718,1.4493948e-11
3719,3.2661042e-08
3720,0.5421053
3721,1.5342657e-07
3722,1.8794579e-05
3723,1.4365725e-14
3724,1.3418443
3725,1329.4811
3726,5.4934786e-09
3727,2.5924988e-11
3728,0.06815638
3729,3.0568745e-10
3730,1.1791275e-11
3731,2.4955903e-14
3732,1816.7357
3733,1825.0
3734,8.553702e-09
3735,0.008639778
3736,329.37915
3737,2.1487644e-08
3738,8.891766e-12
3739,0.0077331527
3740,4.9638227e-10
3741,8.1603106e-11
3742,7.704953e-11
3743,0.0013639462
3744,2.5334778e-11
3745,0.018212287
3746,1619.7467
3747,0.4324259
3748,1.6180096e-10
3749,123.71217
3750,0.059208397
3751,0.04154802
3752,5.5513706e-12
3753,1.9878557e-07
3754,0.072419465
3755,1.7904527
3756,12.104334
3757,1.8252923e-12
3758,0.00016943619
3759,2.0781484
3760,1.0151648e-05
3761,0.56297934
3762,1.1889417e-12
3763,0.004201168
3764,1.0104552e-05
3765,2.697502e-10
3766,0.020026162
3767,2.2860907e-09
3768,1823.7181
3769,23.548033
3770,1.5641714e-07
3771,0.11788212
3772,0.00022875072
3773,197.65039
3774,1.088167e-07
3775,5.515674e-09
3776,1763.7205
3777,9.746877e-09
3778,2.1654357e-08
3779,497.42804
3780,3.3105382e-06
3781,5.1594523e-10
3782,0.0014911545
3783,1.323088e-05
3784,1.4951982e-11
3785,1798.507
3786,4.5446788e-07
3787,7.2688476e-07
3788,0.016892107
3789,1.3065507e-10
3790,250.73581
3791,826.8176
3792,5.8696243e-09
3793,0.022298964
3794,1810.9232
3795,4.0704467e-06
3796,1.1220438e-10
3797,0.088286854
3798,0.42707545
3799,1823.4362
3800,0.08801717
3801,2.956269e-11
3802,4.703988e-12
3803,4.1925255e-10
3804,459.27737
3805,20.355995
3806,3.0071854e-07
3807,2.3061211e-10
3808,1.1257952e-10
3809,1806.2246
3810,2.495612e-12
3811,3.7781117e-15
3812,3.8877807e-11
3813,5.8376964e-15
3814,131.0425
3815,1774.0248
3816,1.9393346e-07
3817,0.0005353287
3818,0.00040267396
3819,1.7648247e-07
3820,3.0671602e-13
3821,0.00011761891
3822,0.0091772275
3823,0.0067863315
3824,1.2426882e-10
3825,1.042463e-12
3826,4.7537546e-06
3827,5.141956e-10
3828,1.5444373e-13
3829,2.4157786
3830,1.951721e-11
3831,7.546358e-08
3832,6.480939
3833,13.350413
3834,0.36397535
3835,0.001036964
3836,1.29882075e-14
3837,1816.0833
3838,2.9463927e-09
3839,8.751524
3840,5.579912e-06
3841,5.8766463e-13
3842,9.1955034e-11
3843,1188.8271
3844,3.227836e-09
3845,0.48110756
3846,1824.3542
3847,4.732819e-10
3848,0.23317339
3849,1.3166172e-10
3850,1.7999289e-06
3851,0.026028467
3852,1.2249154e-08
3853,6.5085675e-05
3854,2.2843222e-08
3855,526.9852
3856,0.013977786
3857,2.7857588e-10
3858,3.2309816
3859,0.0011629451
3860,110.971245
3861,0.00036777137
3862,6.126425e-11
3863,731.0754
3864,1.3049321e-06
3865,1.0069308e-12
3866,3.6056536e-09
3867,2.2471969e-11
3868,6.024704e-08
3869,1.1152933e-09
3870,3.6288924e-08
3871,0.18232536
3872,0.0039334698
3873,14.349212
3874,0.8084975
3875,6.33668e-06
3876,0.00011585151
3877,1.9578887e-10
3878,9.177416e-12
3879,9.514266e-09
3880,3.12121e-11
3881,1.5969465e-10
3882,0.014443246
3883,1786.1619
3884,1.7711338e-11
3885,9.9205544e-17
3886,0.63692737
3887,0.3537098
3888,1.1865386
3889,1261.691
3890,5.2675446e-08
3891,2.517278e-08
3892,2.149088e-12
3893,5.5069593e-09
3894,548.9264
3895,2.5028887e-10
3896,0.31055468
3897,4.2740805e-07
3898,0.04332379
3899,6.158216e-09
3900,9.156204e-05
3901,1.0384563e-08
3902,1.0992109
3903,0.0038692092
3904,0.0043833465
3905,8.525154
3906,0.14874
3907,0.006947383
3908,4.28661e-08
3909,0.02794663
3910,0.50069493
3911,86.629135
3912,7.05107e-07
3913,3.5594344e-13
3914,1.5517961e-09
3915,0.02050914
3916,5.148747e-06
3917,0.037775
3918,7.216129e-16
3919,1.2243127e-08
3920,2.7044564e-14
3921,6.6572545e-07
3922,5.9305045e-09
3923,1824.9985
3924,104.91644
3925,4.7041976e-07
3926,1.40618965e-08
3927,7.1034787e-09
3928,0.0036055269
3929,1824.2852
3930,4.1366284e-14
3931,4.59454e-15
3932,1735.5334
3933,9.20692e-09
3934,13.216452
3935,4.288068e-07
3936,3.9372087e-16
3937,1.9478184e-05
3938,0.11940417
3939,1.0060768e-15
3940,6.5758644e-12
3941,2.6432498e-10
3942,1754.7694
3943,2.2295211e-08
3944,1.5678424e-07
3945,1.0713778
3946,0.0010378605
3947,6.424803e-10
3948,7.497511e-11
3949,7.246483e-13
3950,0.42369577
3951,1.4310328e-09
3952,182.1017
3953,1.0413498e-09
3954,4.428972e-15
3955,55.9633
3956,6.042971e-11
3957,3.5858134e-16
3958,2.8916209
3959,0.0015293781
3960,1.0922091e-11
3961,1.8486747e-10
3962,3.8543306e-09
3963,0.0003023368
3964,9.783323e-10
3965,3.694514e-08
3966,2.5518327e-12
3967,1.2605353e-06
3968,9.624086e-05
3969,3.2751007e-15
3970,1.3132208e-11
3971,6.9715864e-13
3972,8.8279955e-07
3973,3.2483032
3974,1.7231132e-08
3975,1.520231e-07
3976,1.5891786e-08
3977,4.604623
3978,9.224403
3979,1452.3396
3980,3.3592412e-10
3981,1824.9885
3982,1653.829
3983,2.5626352e-09
3984,5.4786223e-12
3985,0.029771395
3986,8.370191e-07
3987,6.424904e-13
3988,9.990659e-06
3989,1824.946
3990,7.5080925e-13
3991,0.08486869
3992,3.2039964
3993,4.9448317e-09
3994,1824.9952
3995,6.339924
3996,2.639776e-08
3997,3.325955e-10
3998,1824.943
3999,0.004853466
4000,4.0497988e-15
4001,1.48011595e-05
4002,1767.7996
4003,3.5047677e-08
4004,2.7396812e-08
4005,1810.5781
4006,15.465404
4007,20.424324
4008,0.00017841869
4009,18.238552
4010,1.863859e-07
4011,3.727331e-06
4012,1.0238572e-12
4013,3.6943921e-09
4014,1.4399134e-07
4015,5.7460204e-07
4016,4.2778705e-08
4017,2.8151832e-11
4018,8.525945e-09
4019,0.8459534
4020,9.602833e-09
4021,9.435935e-10
4022,15.789494
4023,4.768283e-14
4024,1.0275939e-12
4025,8.069661e-06
4026,0.12699454
4027,0.038907796
4028,864.8496
4029,1.3401324e-09
4030,3.059962e-05
4031,18.371597
4032,0.018258754
4033,1.954832e-07
4034,0.0074347313
4035,1.1677724e-05
4036,8.8666924e-10
4037,4.4377715e-09
4038,1631.8734
4039,0.07015543
4040,8.7316634e-13
4041,1.8937056
4042,0.030190658
4043,0.84284073
4044,0.0012924735
4045,9.28686e-07
4046,0.063553914
4047,1825.0
4048,2.1281915e-15
4049,3.7006724e-11
4050,2.9256012e-12
4051,286.47287
4052,0.4682231
4053,0.0068133012
4054,32.756905
4055,2.991977e-08
4056,8.3910464e-08
4057,8.394477e-07
4058,6.181808e-10
4059,0.3154426
4060,8.22384e-15
4061,1225.2671
4062,1821.0316
4063,2.8802225e-08
4064,2.8071168e-09
4065,0.007709384
4066,7.278149e-05
4067,3.6024987e-05
4068,8.019019e-12
4069,278.28845
4070,6.150312e-14
4071,1.5856382e-09
4072,2.0714997e-06
4073,26.001219
4074,6.289748e-08
4075,3.7938205e-06
4076,0.05392683
4077,6.377855e-07
4078,2.0090947e-07
4079,0.033673942
4080,0.42324397
4081,2.105111
4082,1160.1484
4083,1.0489133e-08
4084,0.15761666
4085,1.2581265e-09
4086,4.6903126e-10
4087,0.0009145095
4088,6.5062386e-11
4089,3.3506073e-11
4090,0.08523708
4091,0.24485007
4092,2.40023e-09
4093,1.6566923e-14
4094,5.502666e-09
4095,1.4646785e-05
4096,0.31438234
4097,279.7507
4098,0.15460783
4099,2.557698
4100,86.90592
4101,2.440795e-10
4102,2.5927264e-11
4103,1821.0211
4104,2.1454791e-09
4105,1.550697e-07
4106,0.72997034
4107,4.4557058e-07
4108,0.0007096648
4109,4.3341972e-11
4110,7.574851e-09
4111,3.412495e-05
4112,2.4956865e-13
4113,2.760541e-09
4114,1825.0
4115,1.3496131e-09
4116,2.0578615e-07
4117,1.0421689e-08
4118,9.624399e-16
4119,63.44952
4120,1.2317019e-09
4121,0.032773163
4122,1.1498108e-08
4123,1.5844925e-09
4124,1.1412165e-10
4125,1.8793279e-06
4126,5.012838e-11
4127,0.00044600607
4128,0.8238261
4129,1.4721038e-08
4130,0.02241136
4131,5.004577e-10
4132,3.4071953e-12
4133,7.052913
4134,0.1034868
4135,1.8377349e-09
4136,1.1458696
4137,7.378875e-12
4138,9.9306435e-06
4139,0.042868827
4140,4.03915e-05
4141,1.7077802
4142,20.853895
4143,6.5056494e-13
4144,1822.8722
4145,0.03250981
4146,2.7739047e-09
4147,6.383124e-11
4148,1821.1257
4149,1.2249147e-09
4150,804.9816
4151,8.986625e-06
4152,1773.2433
4153,0.095036834
4154,0.0004543159
4155,1.4009185e-08
4156,3.6629043e-08
4157,7.8824516e-11
4158,4.795246e-09
4159,0.07401964
4160,0.00024403994
4161,1.8113849e-12
4162,0.10216686
4163,0.11308136
4164,1.7776276e-08
4165,1552.8007
4166,5.4381156e-11
4167,7.490721e-15
4168,1824.5974
4169,0.00015515987
4170,7.5601645e-07
4171,5.442334e-09
4172,5.227385e-17
4173,4.8936048e-08
4174,0.055794064
4175,3.0766056e-09
4176,61.054165
4177,3.1942538e-10
4178,9.748379e-10
4179,6.516573e-11
4180,0.07084894
4181,1.0772354e-09
4182,4.0731207e-05
4183,8.025358
4184,63.472717
4185,4.2943652e-13
4186,3.4584578e-11
4187,171.39517
4188,7.4543104e-06
4189,1212.1162
4190,1.9449912e-07
4191,1.0377156e-05
4192,1.9473079e-14
4193,1.15917555e-05
4194,0.010871975
4195,0.023358293
4196,3.491964e-11
4197,9.43574
4198,7.200683e-10
4199,2.2810815e-09
4200,4.207651e-06
4201,5.318816e-10
4202,6.2051e-11
4203,3.1615965e-09
4204,0.48919746
4205,1817.4288
4206,4.3672497e-07
4207,6.3274694e-12
4208,5.439512e-09
4209,0.008178194
4210,0.047540665
4211,1.4503558e-09
4212,1.15976735e-10
4213,5.0513e-06
4214,23.345556
4215,997.55707
4216,5.4915773e-07
4217,0.022090435
4218,1.1714416
4219,7.326605e-09
4220,5.021717
4221,1824.8442
4222,0.07326889
4223,3.2229024e-09
4224,8.919115e-08
4225,8.319553e-09
4226,7.4163036e-06
4227,2.4503917e-09
4228,1.0650749
4229,3.7048373e-08
4230,0.0026901758
4231,1.4513788e-14
4232,12.698394
4233,266.50967
4234,0.10732215
4235,1091.5955
4236,8.282728e-08
4237,1.0562342e-06
4238,6.5286967e-09
4239,1.2876384e-08
4240,3.8548384e-05
4241,2.8941616e-07
4242,3.859366e-07
4243,0.08316513
4244,0.058091816
4245,3.492028e-05
4246,4.201962e-11
4247,4.3866522e-14
4248,0.14513049
4249,0.0004628406
4250,0.00047930164
4251,1.3906773e-11
4252,1824.9872
4253,1705.5061
4254,0.19495913
4255,0.036322143
4256,1824.8649
4257,1.7230448e-11
4258,1.568591e-06
4259,18.96815
4260,1.6457635e-14
4261,1822.759
4262,7.281621e-05
4263,46.93284
4264,1.4787568e-15
4265,5.1325337e-12
4266,0.0003783093
4267,1668.0627
4268,3.4779328e-07
4269,6.4064975e-06
4270,0.15445739
4271,1.1081241e-09
4272,4.3426098e-16
4273,3.5216303e-06
4274,1.7799777e-13
4275,0.0067676282
4276,2.8334185e-07
4277,1.694449e-08
4278,1724.4602
4279,25.40963
4280,3.833803e-08
4281,2.311096e-07
4282,8.134703e-14
4283,3.3561257e-08
4284,3.5115282e-14
4285,128.98586
4286,4.7830355e-08
4287,9.512645
4288,0.00018321187
4289,5.33188
4290,1824.6091
4291,9.4969146e-05
4292,8.539473e-16
4293,2.5400648e-06
4294,0.0008539668
4295,8.351863e-08
4296,325.55292
4297,5.6454524e-16
4298,9.6199104e-11
4299,224.27617
4300,1812.2872
4301,4.1268166e-07
4302,1.7087628e-18
4303,0.18614845
4304,0.11047948
4305,1373.0079
4306,1.9076423e-13
4307,9.594009e-09
4308,3.2799608e-06
4309,0.4018511
4310,0.0046366905
4311,0.008017116
4312,2.4916905e-10
4313,144.89963
4314,1.2614763e-05
4315,12.283304
4316,4.4553637e-08
4317,0.49849772
4318,9.538269e-09
4319,6.769304e-07
4320,4.935982e-13
4321,0.06070499
4322,1.6488502e-05
4323,2.2896351e-08
4324,2.9282255e-08
4325,3.2555095e-10
4326,1491.2219
4327,5.132509e-14
4328,2.9649851e-09
4329,1.1670102e-10
4330,0.047716536
4331,2.70048e-12
4332,11.918242
4333,90.02082
4334,8.770137e-09
4335,1.9540037e-08
4336,9.1008365e-09
4337,4.8188835e-05
4338,0.0011253068
4339,9.494031e-10
4340,0.0022526341
4341,1.1912293e-09
4342,40.48838
4343,7.086823e-08
4344,6.352511e-09
4345,3.844404e-09
4346,1.3648976e-12
4347,10.402153
4348,0.0027382867
4349,5.284707e-10
4350,2.4680655e-09
4351,4.20969e-06
4352,1754.1453
4353,2.5141193e-13
4354,1824.9998
4355,6.82603e-14
4356,0.00051395915
4357,5.9948497e-06
4358,0.38300854
4359,7.731783e-05
4360,1804.3077
4361,2.8312812
4362,1.8459425
4363,1.4607416e-09
4364,7.8137774e-10
4365,1.8367022e-08
4366,9.2657785e-05
4367,0.43388003
4368,5.4129977e-12
4369,2.9677704e-08
4370,104.8879
4371,0.87586343
4372,2.7571442e-11
4373,443.59662
4374,2.1973702e-10
4375,1.7129499e-10
4376,5.3503663e-07
4377,5.128441e-13
4378,0.0059290333
4379,3.0162112e-10
4380,1795.6602
4381,0.0011548
4382,8.0198785e-11
4383,6.430147e-14
4384,2.2926495e-05
4385,1.2400276e-09
4386,0.009226714
4387,3.5588648e-05
4388,5.5116856e-10
4389,7.366497e-13
4390,1.4157904e-14
4391,21.861834
4392,7.018873e-09
4393,8.598132e-08
4394,7.830873e-07
4395,2.1356085e-15
4396,1.0116561e-06
4397,1.3761052e-10
4398,0.00017092441
4399,2.2640858e-09
4400,1820.6449
4401,2.7142471e-08
4402,1.2359426e-09
4403,0.07676215
4404,8.919552e-05
4405,2.44222e-14
4406,1824.5109
4407,2.1101469e-05
4408,0.0011077919
4409,1.0641427e-10
4410,3.0841864e-08
4411,1.1149894e-05
4412,4.5514017e-07
4413,63.544212
4414,7.871157e-10
4415,3.5583908e-12
4416,1.8973085
4417,0.00034954178
4418,6.0615068e-12
4419,0.0012103536
4420,0.07717788
4421,3.5387355e-12
4422,0.039330695
4423,1.6627493e-05
4424,4.4925047e-10
4425,2.3329463e-12
4426,1.0884408e-11
4427,3.4507505e-06
4428,904.98724
4429,3.2996428e-07
4430,3.6394827e-05
4431,1812.4469
4432,0.19279796
4433,987.5001
4434,0.2868003
4435,3.8911196e-07
4436,0.12627313
4437,1819.1644
4438,4.886753e-10
4439,563.6769
4440,5.9386105e-16
4441,2.6804182e-06
4442,180.91449
4443,1.6712219
4444,3.200479e-07
4445,8.167154e-05
4446,5.0048573e-05
4447,1.8301795e-05
4448,1819.7646
4449,2.2702564e-09
4450,5.7208625e-09
4451,1.0610328e-08
4452,1.6004051e-09
4453,0.015810445
4454,114.72329
4455,683.90674
4456,673.9333
4457,1.6747662e-11
4458,4.1566883e-09
4459,0.009241227
4460,9.980908e-06
4461,1.5677685
4462,8.565701e-09
4463,0.02188102
4464,4.642838e-09
4465,1.3674133e-14
4466,0.067882895
4467,5.10811e-15
4468,2.7353367e-12
4469,1.3701723e-11
4470,7.9068616e-07
4471,4.1028097e-06
4472,25.422558
4473,4.2751937e-05
4474,1.5132424e-06
4475,4.2725648e-07
4476,1.9609375e-11
4477,0.117745295
4478,1812.4763
4479,2.1189742e-10
4480,2.4340647e-09
4481,6.2637963e-07
4482,0.0015606047
4483,117.07298
4484,1.3830296e-08
4485,7.803874e-06
4486,0.7063072
4487,9.5493945e-08
4488,7.0761925e-12
4489,2.6620225e-12
4490,706.5123
4491,7.357823e-12
4492,0.0010704421
4493,2.2265755e-05
4494,4.5019058e-10
4495,0.010755822
4496,468.54828
4497,1684.1326
4498,1631.7959
4499,1315.7555
4500,16.360231
4501,5.4082317
4502,1.2959776e-10
4503,6.6537303e-13
4504,2.3859684e-07
4505,4.0882977e-09
4506,4.6835393e-09
4507,3.16067e-08
4508,1.9177417e-08
4509,3.3736138e-05
4510,3.4435307e-10
4511,880.18054
4512,1.2110113e-09
4513,3.330622e-17
4514,1242.2095
4515,0.01937561
4516,4.012512e-09
4517,5.4414593e-14
4518,3.1378834e-06
4519,2.1189089e-07
4520,5.880625e-10
4521,9.971388e-07
4522,9.934233e-08
4523,3.025332e-10
4524,4.3550807e-07
4525,1822.4818
4526,0.018213222
4527,1.0086445e-10
4528,2.4210532
4529,8.465536e-13
4530,5.1683145
4531,4.373572
4532,1.4080297e-06
4533,1824.9995
4534,7.108048e-16
4535,6.541849
4536,1.941108
4537,20.480312
4538,0.012909101
4539,0.0017378781
4540,3.41459e-06
4541,2.088653e-08
4542,0.014895696
4543,2.3128374e-11
4544,104.42625
4545,97.12323
4546,1423.9867
4547,1824.6346
4548,6.080332e-13
4549,1.1791584e-12
4550,1.3412574e-09
4551,3.047099e-11
4552,1718.6292
4553,1.7088292e-09
4554,0.00719562
4555,6.48297e-09
4556,0.00030407435
4557,1292.3735
4558,1777.9983
4559,144.39018
4560,0.041622534
4561,3.498573e-06
4562,1.0606776e-06
4563,0.003458247
4564,0.0056715966
4565,3.7889095e-14
4566,1.8077678e-12
4567,5.593767e-09
4568,9.995714e-09
4569,0.28586137
4570,934.0848
4571,0.15070167
4572,9.727738e-07
4573,7.6509593e-07
4574,3.5280758e-07
4575,1.5066055e-08
4576,0.00053934316
4577,217.23192
4578,1.5568767e-10
4579,1820.3557
4580,0.005356902
4581,7.503247e-11
4582,1686.6182
4583,4.6861115e-13
4584,25.488434
4585,0.009316691
4586,2.9622593e-06
4587,9.841532e-13
4588,3.1539307e-12
4589,1824.5521
4590,14.358149
4591,0.13153976
4592,8.60845
4593,1814.4414
4594,3.1958032e-09
4595,0.79450905
4596,3.701474e-05
4597,1.2009788e-07
4598,0.91543984
4599,1.0519443e-05
4600,0.3288006
4601,9.305996e-10
4602,2.1878542e-08
4603,1.5508584e-16
4604,2.5015918e-09
4605,7.858328e-07
4606,8.848295e-10
4607,3.9231586e-06
4608,4.1279204e-06
4609,3.5750692
4610,1.1938456e-12
4611,1.2965111e-07
4612,0.023524636
4613,1.7231387e-09
4614,1.3141717e-09
4615,0.0004812533
4616,1.059769e-11
4617,2.3577015e-12
4618,3.118756
4619,9.5615334e-08
4620,4.1370612e-11
4621,2.980507e-07
4622,120.11087
4623,2.2894637e-09
4624,0.38224787
4625,4.2319018e-13
4626,2.0342037e-08
4627,456.6881
4628,3.044517e-09
4629,3.572507e-13
4630,3.1666063e-05
4631,2.030637e-12
4632,0.10238552
4633,3.1558803e-12
4634,1.5869168e-07
4635,1.5481125e-09
4636,1.3469899e-13
4637,7.4030186e-06
4638,0.00018590369
4639,0.000830572
4640,0.119102806
4641,5.653792e-09
4642,0.00010914882
4643,229.8102
4644,3.4333573e-07
4645,5.3777545e-11
4646,1.099e-12
4647,1.3267596e-09
4648,7.6020527
4649,0.13042325
4650,1064.7047
4651,2.0079368e-08
4652,1.1687054e-06
4653,0.05733522
4654,2.4719513e-10
4655,2.1178587e-14
4656,6.9777295e-10
4657,1.0961337e-09
4658,1824.9397
4659,1753.8667
4660,6.0669407e-09
4661,0.034780376
4662,3.4732107e-08
4663,1764.0299
4664,5.614123e-07
4665,1.1804831e-17
4666,1.0612785e-10
4667,4.9241904e-13
4668,9.322953
4669,2.884886e-07
4670,0.0016644676
4671,9.863453e-11
4672,7.540284e-05
4673,2.2654828e-15
4674,0.03202046
4675,6.525852e-07
4676,7.117851e-10
4677,1816.4513
4678,1824.8403
4679,1.4227198
4680,7.538402e-12
4681,3.4168848e-09
4682,3.6694806e-10
4683,2.4917377e-14
4684,1821.3964
4685,3.3152158
4686,2.4764433e-14
4687,0.00059510785
4688,6.593307e-05
4689,7.0352786e-09
4690,0.9831169
4691,5.380157e-14
4692,2.225835e-10
4693,650.005
4694,9.096445e-09
4695,3.1782978e-08
4696,2.239892e-15
4697,0.0126285
4698,1774.2399
4699,1.139012e-09
4700,0.023006186
4701,0.017319722
4702,0.9345401
4703,5.694146e-06
4704,1.6831195e-09
4705,3.2053403e-08
4706,1821.0092
4707,18.78419
4708,4.9742828e-11
4709,1.602692e-14
4710,3.490456e-09
4711,7.039178e-07
4712,3.9658615e-10
4713,1.3517746e-09
4714,7.2815354e-13
4715,0.0014031446
4716,688.23303
4717,1.2578751e-08
4718,5.443328e-10
4719,5.202009e-11
4720,1.6773994e-12
4721,0.4117266
4722,1.0157467e-07
4723,0.25406766
4724,4.62839e-13
4725,6.026689e-09
4726,1.3260726e-11
4727,9.090207e-08
4728,3.9148264e-05
4729,0.15864553
4730,8.1981605e-10
4731,1.1601994
4732,1812.4214
4733,2.6204797e-10
4734,1.1345104e-06
4735,1.298793
4736,6.526804e-05
4737,8.5620024e-07
4738,6.9633748e-09
4739,2.6372495e-08
4740,4.2442423e-07
4741,1.7768413e-08
4742,1.5878383e-09
4743,2.833242e-13
4744,0.0027085198
4745,1.0037707e-08
4746,4.825098e-10
4747,66.46914
4748,3.506018e-08
4749,1.1226667
4750,0.009609307
4751,3.3718965e-12
4752,2.9548826e-07
4753,1624.1108
4754,2.1270888e-14
4755,1.3395363e-10
4756,2.3186933e-08
4757,1.09945e-06
4758,18.866571
4759,6.325461e-10
4760,5.2417106e-14
4761,2.0216406e-08
4762,2.750172e-05
4763,1.914204e-12
4764,0.00023973371
4765,2.42208e-12
4766,7.933622e-09
4767,2.1421566e-11
4768,7.4260584e-05
4769,0.0001358752
4770,8.517816e-10
4771,0.0001812194
4772,1.601954e-12
4773,5.9076164e-14
4774,7.0209144e-11
4775,6.795765e-13
4776,0.0060954085
4777,1.3043234e-12
4778,0.082928896
4779,7.0448627e-06
4780,0.0002617947
4781,2.4786326e-09
4782,1.1976259e-06
4783,4.9140865e-05
4784,0.0005323052
4785,1.3997227e-07
4786,9.529613e-09
4787,0.0011549728
4788,2.3346259e-11
4789,2.7336154e-12
4790,1.58965e-06
4791,2.4188935e-09
4792,1241.8665
4793,0.00018188739
4794,7.308394e-12
4795,7.5736964e-16
4796,1638.1514
4797,1816.8856
4798,6.5334556e-09
4799,1.5274432
4800,9.6839596e-14
4801,1.6848579e-12
4802,2.0373403e-05
4803,6.205731e-10
4804,1.14558425e-07
4805,5.9101815e-08
4806,4.8048926e-10
4807,1824.9956
4808,1.8376387e-07
4809,7.261822e-07
4810,1824.9995
4811,1.440377e-08
4812,1.4081564e-09
4813,78.409004
4814,2.2078733e-10
4815,2.8838159e-09
4816,0.002419629
4817,0.012211668
4818,7.1098904e-05
4819,2.0843974e-13
4820,1822.6329
4821,2.6345084
4822,5.495196
4823,2.2717435e-08
4824,5.2523497e-10
4825,943.6659
4826,0.0018728575
4827,2.944069e-15
4828,3.7291435e-14
4829,2.4111793e-08
4830,4.9931025e-08
4831,4.558407e-13
4832,2.4330238e-06
4833,5.0697375e-09
4834,1.3454982e-09
4835,0.15863933
4836,0.1607852
4837,1.1859653
4838,1.2328349e-05
4839,1820.2295
4840,1.5499953e-08
4841,1.1442871
4842,7.6312e-06
4843,1.990522e-08
4844,8.231571e-09
4845,4.85841e-09
4846,0.19045958
4847,1.0147307
4848,2.1801259e-09
4849,5.352288e-06
4850,4.3360622e-05
4851,6.386355e-17
4852,5.6966983e-06
4853,1.649035e-10
4854,0.07158752
4855,0.00031817096
4856,49.421753
4857,0.091782264
4858,33.08572
4859,5.3578875e-09
4860,0.052304473
4861,3.4442587e-07
4862,52.441536
4863,8.250593e-12
4864,0.24009882
4865,754.3258
4866,2.9292142e-08
4867,2.1388512
4868,2.3454735e-13
4869,117.4604
4870,0.49143523
4871,1.7136297e-10
4872,0.021689072
4873,0.04492074
4874,1821.7365
4875,7.8877e-11
4876,6.460442e-09
4877,1.2678349e-12
4878,165.0186
4879,3.0588063e-09
4880,9.362453e-13
4881,2.5432207e-06
4882,2.9325905
4883,5.6399006e-08
4884,5.3062476e-15
4885,7.489667e-10
4886,6.1084133e-06
4887,7.02885e-10
4888,508.85352
4889,451.40533
4890,4.5419178e-13
4891,4.5547102e-07
4892,0.001326674
4893,2.0182264e-05
4894,2.4764003e-07
4895,0.080130205
4896,211.65959
4897,6.209156e-05
4898,2.3753228e-05
4899,1.28860895e-08
4900,1822.6526
4901,6.8072463e-09
4902,2.6115132e-10
4903,0.001037903
4904,1821.5864
4905,5.915039e-09
4906,1.7928414e-08
4907,0.04400778
4908,0.0016772856
4909,0.00014195452
4910,0.0017553128
4911,0.00042295887
4912,11.58406
4913,7.3298827e-07
4914,9.604042e-09
4915,0.007948334
4916,2.1375111e-08
4917,3.5343935
4918,1.8274491e-08
4919,32.266235
4920,0.0005208857
4921,2.898342e-08
4922,0.005432814
4923,440.69452
4924,1805.5948
4925,9.804933
4926,2.0136426e-09
4927,6.5491595e-10
4928,1810.0154
4929,57.00059
4930,0.00092202326
4931,3.9141185e-08
4932,1.787704e-06
4933,0.00292506
4934,2.6059437e-15
4935,1.0130147e-11
4936,5.8727288e-08
4937,2.5352655e-08
4938,1185.738
4939,2.0086722e-08
4940,1797.995
4941,34.045486
4942,7.579665e-12
4943,1.6769829e-09
4944,0.0054324977
4945,4.190078e-07
4946,4.5695045e-10
4947,3.1716073
4948,1.2921355
4949,1.2114762
4950,2.6452067e-06
4951,1824.9978
4952,4.6061495e-11
4953,4.2674375e-09
4954,0.00026675532
4955,1.0530473e-07
4956,1.4626308e-07
4957,5.6223186e-08
4958,5.975161e-09
4959,3.217977e-12
4960,1794.2291
4961,2.5227946e-09
4962,201.76825
4963,3.2576156e-06
4964,1.6448122e-11
4965,206.38374
4966,7.984718e-06
4967,5.439057e-12
4968,8.8425554e-07
4969,9.0918224e-11
4970,497.62607
4971,3.209349e-07
4972,1824.3961
4973,1.2545178e-09
4974,4.3403947e-14
4975,7.4919976e-06
4976,0.00055839773
4977,0.095707305
4978,3.3808032e-08
4979,4.5039172e-09
4980,5.4219903e-11
4981,9.355695e-08
4982,3.5866536e-09
4983,1.07142774e-10
4984,4.8373416e-11
4985,4.0582423e-11
4986,2.1574273e-10
4987,1.1309228e-08
4988,5.21706
4989,4.176521e-07
4990,1.0654865e-15
4991,0.00035753413
4992,1.4994862e-13
4993,3.8967544e-12
4994,0.053900253
4995,0.6551454
4996,1808.847
4997,1824.8292
4998,1.9226002e-06
4999,0.32551083
